Arcade Gamer Fubuki,1000
Jin Se De Da Yan,1001
Xiao Cangshu Di Di de Chi Bo Richang,1001
Gakuen Basara: Samurai High School,1001
Future Boy Conan,1001
Pretty Guardian Sailor Moon Crystal,1002
Xiaodou Pai Pai: Qingshang Pei You,1002
Calm,1003
Super Dimension Century Orguss,1004
Nerima Daikon Brothers,1004
Boukyaku Battery: Jump Festa 2020 Special,1004
Qin Shi Mingyue: Tian Xing Jiu Ge,1005
Go! Princess Pretty Cure,1006
Natsume Yuujinchou: Itsuka Yuki no Hi ni,1008
Clannad,1008
Taisei Kensetsu: Bosporus Kaikyou Tunnel,1009
Xinghe Zhizun 2nd Season,1010
Ranma 1/2 Nettou Uta Gassen,1011
Yu Yu Hakusho: Mu Mu Hakusho,1011
Shachiku-san wa Youjo Yuurei ni Iyasaretai.,1013
Kakuza Tousan,1013
Apache Yakyuugun,1014
Riku wa Yowakunai,1015
Peeping Life x Beppu City Collaboration,1015
White Fantasy,1015
perfume BVH import,1015
Eun-sil-i,1016
(K)NoW_NAME: Knew day,1017
Zetman,1017
Hime-sama Goyoujin,1018
Your Gay Thoughts: To Disappear,1019
X-Men,1020
Triton of the Sea (1979),1021
NINO & Evan Call: Jyou Jyou,1022
Yume no Majutsushi,1022
Extreme Escape Adventure: Good People Die,1023
FAKE TYPE: BEELZEBUZ,1024
Fate/Grand Order: All In! Las Vegas Championship Match: Seven Duels of Swordbeauties! Event PV,1024
Charlotte Special,1026
Xue Ying Lingzhu Zhi Qiyu Pian,1026
Tokyo Mew Mew New,1027
Momo Kyun Sword,1028
Boku ga Ai Shita Subete no Kimi e,1028
Fate/Grand Order: Moonlight/Lostroom,1028
Dr. Slump Movie 7: Arale-chan N-cha! Pengin-mura yori Ai wo komete,1029
Dead Girls,1029
Bakuman. 2,1029
Ganbare! Bokura no Hit and Run,1031
Kaze wo Nuke!,1031
Please Twins: The Summer Never Ends,1031
Kinnikuman Movie 5: Haresugata! Seigi Choujin,1031
Kaguya-sama: Love is War - Ultra Romantic,1032
Fei Zhi Baike: Yuanlai Ni Shi Zheyang de Zhiwu 2nd Season,1033
Mob Psycho 100 II,1033
newspaper,1034
Mobile Suit Gundam Wing: Endless Waltz Movie,1034
Magical Girl Ore,1035
Rebirth Moon Divergence,1035
Roselia: Black Shout,1035
Kiss Kiss Kiss,1035
Girls und Panzer der Film: Akiyama Yukari no Sensha Kouza,1036
Akane Aki: FlashBack,1037
Jin: Kagerou Daze,1038
My Teen Romantic Comedy SNAFU Climax,1039
Rabbit Tailor,1039
dMatsu-san,1040
Da Hu Fa,1041
The Troubled Life of Miss Kotoura,1042
Wolf Girl and Black Prince Recap,1043
Nakoruru,1044
Major Movie: Yuujou no Winning Shot,1045
JoJo's Bizarre Adventure: Golden Wind Recaps,1045
Date a Live Movie: Mayuri Judgement,1046
Ichiban Chikakute Tooi Hoshi,1047
Yawara! Special: Zutto Kimi no Koto ga,1047
Pokemon Movie 14: Black - Victini and Reshiram,1048
The Elder Sister-Like One,1049
My Wife Is the Student Council President! OVA: Okusama Gekijou,1049
Rilu Rilu Fairilu: Mahou no Kagami,1049
Visions of Frank: Short Films by Japan's Most Audacious Animators,1050
Ashita no Kibou: Kanashimi yo Arigatou - Takae Tsuneo Monogatari,1050
Squid Introspection,1050
Yumeiro Pâtissière,1050
Benkei and Ushiwakamaru,1051
Pinocchio-P: Secret HIMITSU,1051
Miao Xian Sheng,1051
Miniforce,1051
KY-kei JC Kuuki-chan,1053
Bakusou Kyoudai Let's & Go!! WGP,1054
Wo de Tian Jie Nuyou,1055
Mole Zhuang Yuan 3: Mohuan Lieche Da Maoxian,1055
Ado: Yoru no Pierrot (360° ver.),1055
Honobono Log,1056
Typhoon Noruda,1056
Guai Laotou Er,1057
Neru: Sekai wo Kowashite Iru,1057
Ran,1057
Sorcerer Hunters OVA,1058
Futsal Boys!!!!!,1058
Kano: Haru ni Ochite,1058
Xie Wang Zhui Qi Zhi Yishi Qingcheng,1059
22/7: 8+3=?,1059
Panpan no Tou: Ongaku wa Tomatta,1060
Din Dong,1061
Oz no Mahou Tsukai Movie,1061
Sakura Wars: Ecole de Paris,1061
Kabushiki Kaisha Zoo,1061
Kuragehime Specials,1063
Pokemon: The Origin,1065
The [email protected]: Cinderella Girls Theater Climax Season,1066
Tian Tian Hao Haizi,1066
Kochira Katsushikaku Kameari Kouenmae Hashutsujo (Shinsaku),1067
Sword Gai: The Animation Part II,1067
Orbital Era,1068
Examurai Sengoku,1068
Hawaiian Rock'n Roll,1068
Doraemon Movie 30: Nobita's Great Mermaid Naval Battle,1068
K: Seven Stories Movie 5 - Memory of Red ~BURN~,1068
Tarzan,1069
Zettai Shounen,1069
Kakusansei Million Arthur OP,1069
Bakusou Kyoudai Let's & Go!! MAX,1069
Yu Yu Hakusho,1069
Kaitou Lupin: 813 no Nazo,1070
Living with Garfield,1071
Forest Fairy Five,1071
Rockeppe,1071
Armored Dragon Legend Villgust,1072
Kyuumei Senshi Nanosaver,1073
Wan Shen Ji,1073
Mahoutsukai Haley no Speed Story,1073
Tako ni Natta Okaasan,1073
The Spirits of Cairn,1074
Blue Seed 1.5,1075
Tatakae! Dokan-kun: Gekitou-kun,1076
40-Shuunen da yo! Coro Coro All-Star Shougakkou,1076
Xiong Bing Lian 3,1077
Naita Aka Oni,1077
Mr. Osomatsu: Virgin Hero,1077
Tsukiuta. The Animation,1077
Chogattai Majutsu Robot Ginguiser,1078
Maido! Urayasu Tekkin Kazoku,1078
Anime Roukyoku Kikou Shimizu no Jirochouden,1078
Hiiragi Kirai: Eureka,1079
Captain Future: Kareinaru Taiyokei Race,1079
Eternal Alice: Eikyuu Alice Rondo - Extra Song,1080
Ayane's High Kick,1081
A Little Princess Sara,1081
Kyoro-chan,1081
Heart,1082
Dragon Ball Super: FNS 27 Hour TV,1082
Pi Pi Lixian Ji,1083
Those Who Hunt Elves II,1083
Yowamushi Pedal: Re:RIDE,1083
Zongyou Yaoguai Xiang Hai Zhen,1086
Suzy's Zoo Daisuki! Witzy,1086
Gu Xiong,1086
Fist of the North Star: Legend of Yuria,1086
Inishie no Megami to Houseki no Ite,1086
Mobile Suit Gundam Wing: Frozen Teardrop Picture Drama - Aratanaru Tatakai,1087
"You're Being Summoned, Azazel Z",1087
The Seven Heavenly Virtues,1087
Usagi no Matthew,1088
Ulysses 31,1088
Shin Skyers 5,1088
Orange -Mirai-,1088
Mafumafu: Handicap,1089
Buddha Saitan,1089
Seraph of the End: The Beginning of the End,1089
Yinhe Zhi Xin,1090
Onaka no Ookina Ouji-sama,1090
Dragon Ball Movie 2: Sleeping Princess in Devil's Castle,1090
Sheep in the Island,1091
GREAT3: Haiku,1093
Daaree,1093
Detective Conan: Amuro Secret Call,1094
Amanatsu,1094
Baoxiao Haha Zhen,1096
100-nichikan Ikita Wani,1097
Umineko: When They Cry Specials,1097
Thermae Romae,1098
Higanjima X,1098
Hanamaru Koutsuu Anzen,1098
The Ones Within,1098
Scryed,1098
Shita-kiri Suzume,1098
Transformers: Armada,1099
Hetalia: World Series Extra Episodes,1099
Delinquent Hamsters 2,1100
Oni Girl!! x Mameshiba,1101
"Mori no Kuma-san, Toumin-chuu.",1102
Folktales from Japan,1103
Kupu~!! Mamegoma!,1104
Baka and Test - Summon the Beasts Mini Anime,1104
Nozo x Kimi,1104
Hokuro Kyodai Full Throttle!!!!,1106
Miss Monochrome: Watashi dake no Monogatari,1106
Ace of the Diamond: Second Season,1106
Ghost in the Shell: Stand Alone Complex 2nd Gig,1106
Yichan Xiao Heshang,1107
Xiong Chu Mo Movie 8: Yuanshi Shidai,1108
Diamond Daydreams Special,1108
Roujin Z,1109
Disney: Twisted-Wonderland 1-shuunen Kinen PV,1109
BUCK-TICK x HAL,1109
Neru: Jailbreak,1110
Schick x Evangelion,1110
Saiyuki Gaiden: Tokubetsu-hen - Kouga no Shou,1111
Xiao Ta Lixian Ji: Jiyi Senlin,1112
Blood Blockade Battlefront: Even These Are the Worst and Best Days Ever,1112
A Certain Scientific Railgun S: All the Important Things I Learned in a Bathhouse,1113
Magical Sisters Yoyo & Nene,1113
My Hero Academia - All Might: Rising The Animation,1114
Otohime Connection,1114
Günther,1115
Six Angels,1115
Gushi Xiao Hao Shou,1115
Keina Suda: Red,1115
Super Robot Wars OG: Divine Wars,1116
Meitounao He Bugaoxing TV,1116
Chronos Ruler,1118
Shanguang Xiao Zongdui,1118
Nike SB x Mobile Suit Gundam Unicorn,1118
Hao Gua Gua,1118
Hamtaro OVA 1: Hamtaro's Birthday! 3000 Hammy Steps in Search of Mommy,1119
Penguin no Mondai,1119
Detective Conan: The Culprit Hanazawa,1120
Yorugao,1120
Sabu to Ichi Torimono Hikae,1120
Kenshi Yonezu: Musunde Hiraite Rasetsu to Mukuro,1120
Chiisana Tegami,1120
OSTER project: Kujira Rider,1121
Ken-chan,1122
Tantei Opera Milky Holmes: Psycho no Aisatsu,1122
The Lost Village,1123
Hyakko Extra,1123
Pleasant Goat and Big Big Wolf: Everyday Pleasant Goat,1124
Shi Ye Miao Yin,1124
DECO*27: Otome Kaibou,1124
Dr. Slump Movie 3: The Great Race Around the World,1124
Futaridaka,1125
Sound of the Sky,1125
HoneyWorks: Kawaiku Naritai,1126
Duel Masters,1126
Hanjawang Jumong,1127
Francois CM: Cassis to Arles no Monogatari,1127
Ba La La Xiao Mo Xian Zhi: Meng Huan Xuan Lu,1127
Majikoi: Oh! Samurai Girls!,1128
Taberu Hitotachi,1128
Shouri Toushu,1128
Orphen Revenge,1128
Tokyo 7th Sisters: TRIGGER / Fire and Rose,1129
Namae... Sore wa Moeru Inochi,1129
Red Colored Bridge,1131
Manga,1131
Akai Hana Shiroi Hana,1131
Future Diary: Ura Mirai Nikki,1132
Alderamin on the Sky,1132
ReLIFE,1133
FAKE TYPE. Tsuki,1134
Ding Ding Zhan Hou Wang,1134
Detective Conan: Let's Try a Curious Experiment!,1134
Super Robot Wars OG: Divine Wars - Separate Paths,1135
Saint Seiya: Soushuuhen,1135
Youkai Watch: Shadow Side,1136
Kenshi Yonezu: Suna no Wakusei,1136
Eguchi Hisashi no Nantoka Narudesho!,1137
Fate/Grand Order x Himuro no Tenchi: 7-nin no Saikyou Ijin-hen,1138
I Can’t Understand What My Husband Is Saying: 2nd Thread,1138
Akagi,1138
Battle Spirits: Kakumei no Galette,1139
Haiyoru! Nyaru-ani: Remember My Love(craft-sensei),1139
Toshokan Sensou: Kakumei no Tsubasa,1139
Glass Fleet,1139
Irodorimidori: Spicy Swingy Style,1140
Girls und Panzer: Saishuushou 2,1140
Roco Kingdom Movie 3,1141
Television,1142
Kurau: Phantom Memory,1143
Cigarettes and Ashes,1143
Aria the Crepuscolo,1143
Darker than Black,1144
Eternal Alice,1144
Panpaka Pants O New-san,1145
Ousama no Takaramono,1145
House of Five Leaves,1145
Spookiz Season 3,1146
Alice in Borderland CM,1147
Reikenzan: Eichi e no Shikaku,1147
"Neru: Kodama, Hekikai, Nayuta wo Misadamu Aglaophonos no Shihen",1147
SK8 the Infinity (New),1148
Sakura Wars: Sumire,1148
Kawa wa Dare no Mono?,1148
Nanocore 2016 Xinnian Tebie Ban,1149
Metropolitan Museum,1149
Project A-Ko 3: Cinderella Rhapsody,1149
Mogu&Perol,1149
Classroom☆Crisis,1150
The Little Mermaid: Attack of the Pirates,1150
The Super Milk-chan Show,1151
Calligraffiti,1151
Pokemon Black Version 2 and White Version 2,1151
His and Her Circumstances,1152
Space Battleship Tiramisu Zwei,1153
Glass Mask,1153
Romeo x Juliet,1153
Kariage-kun,1153
Fenghuang Ji Xiang Yu Qingming Shanghe Tu,1157
Kappa no Kui Kuo Kua,1157
Baka Mukashibanashi: Momotaro no Heya,1157
Super Dimensional Fortress Macross II: The Movie,1158
Long Zu,1160
Galaxy Express 999: Can You Live Like A Warrior?,1160
Sekai Meisaku Douwa Series: Wow! Maerchen Oukoku,1160
Kitte no Nai Okurimono,1161
Sayonara Zetsubou Sensei Jo: Zoku Zetsubou Shoujo Senshuu,1161
City Hunter: Ryou no Propose,1161
Armored Trooper Votoms: Alone Again,1162
Make My Day,1162
Hell Teacher Nube: Gozen 0 Toki Nube Shisu,1163
The Mysterious Cities of Gold,1164
Super Robot Wars OG: The Inspector,1164
Enya-Sang: Sayonara Nyuunanzai,1165
Valvrave the Liberator,1165
Boarding School Juliet,1166
Yamaki x Taka no Tsume: Katsuobushi Kezutte Kezutte Daisakusen,1166
That Time I Got Reincarnated as a Slime Season 2,1167
Tekkaman Blade,1167
Overlord IV,1168
Sugar Bunnies Fleur Specials,1169
Sorcerous Stabber Orphen,1169
Basilisk: The Ouka Ninja Scrolls,1170
Sound Horizon: Yodaka no Hoshi,1170
Youjo Shenki Episode 0,1170
Cara to Otamajakushi Shima,1170
Nejishiki: Koibitomodachi,1172
Kairaku no Sono,1172
Fox Spirit Matchmaker Season 7,1173
Pinch to Punch,1173
Jubilee,1175
Schwarzesmarken,1177
Kaeru San Yuushi,1178
Natsufuku no Shoujotachi,1178
Zhong Zhiyang 8mm Donghua,1178
Rakshasa Street 2nd Season: Part II,1178
Megaton Musashi 2nd Season,1179
Doubutsu Sumo Taikai,1179
Crayon Shin-chan Movie 8: Arashi wo Yobu Jungle,1179
DECO*27: DECOUSTIC,1180
Pecola,1180
Oshare Majo Love and Berry: Shiawase no Mahou,1180
Ongaku Sekai Ryokou,1181
The Testament of Sister New Devil DEPARTURES,1181
Bakuhatsu Goro,1182
Xiyue Qi Tong,1182
Baka and Test - Summon the Beasts OVA: Sentakushi Ikou nomi,1183
Peach Boy Riverside,1183
The King of Fighters: Destiny,1183
Neo Angelique Abyss,1183
Code Geass: Lelouch of the Rebellion R2 Picture Drama - Last Moratorium,1184
Hi-sCool! Seha Girls Special,1184
Yamakagashi,1186
Housenka,1186
Encouragement of Climb Special,1186
High School DxD BorN Specials,1187
Mushinin,1188
Cyberteam in Akihabara,1188
Girls Jockey Special,1189
Meitantei Rascal,1190
Memories Off,1190
Dragon Quest: Dai no Daibouken - Tachiagare!! Avan no Shito,1191
Tamagotchi! Miracle Friends,1191
RoboMasters The Animated Series,1193
Kirakira Kirari☆,1193
Pita-Ten,1193
Ore no Sora Keiji-hen,1193
Infinity Nado 2,1194
Fanren Xiu Xian Chuan,1194
Midnight Crazy Trail,1195
Powapowa-P: Strobe Light,1195
Utakoi,1195
CLIMBER,1196
Tenamonya Voyagers,1196
Mysteria Friends,1196
Nineko Gelee,1198
Nansensu Monogatari Daiichi-hen: Sarugashima,1198
Kaakaa Karasu no Kanzaburou,1198
KonoSuba – God’s blessing on this wonderful world! 2 OVA,1198
Mon Colle Knights,1200
Hato Poppoppo,1200
Fate/stay night: Unlimited Blade Works 2 - Sunny Day,1200
Negima!?,1201
Sushi and Beyond,1201
Kono Oto Tomare! 2nd Season,1202
Akagaki Genzou: Tokuri no Wakare,1203
Vampillia: Mirror Mirror (bombs BiS),1203
Yume no Mahou,1204
Daifuku-kun @ Kin Tele,1205
Time Autobahn,1205
Yoh Kamiyama: Sugar Highway,1206
Mobile Suit Gundam: Hathaway's Flash II,1206
DECO*27: Fakery Tale,1206
Gargoyle of the Yoshinagas,1206
Hero Mask: Part II,1206
No Game No Life Specials,1207
Ultraman: Chou Toushi Gekiden - Suisei Senjin Tsuifon Toujou,1207
Animation Runner Kuromi,1207
Spelunker Sensei,1208
Quiz Magic Academy: The Original Animation 2,1208
Revolutionary Girl Utena,1208
Himitsu no Akko-chan 2,1209
Nozoki Ana,1209
Unko-san: Tsuiteru Hito ni Shika Mienai Yousei,1209
Zombie Land Saga,1209
Yuyoyuppe: Leia,1209
Space Battleship Yamato: Resurrection,1209
Kobutori,1210
Kyuutai Panic Adventure Returns!,1211
Akazukin to Kenkou,1212
Bosco Adventure,1213
Samurai Giants,1213
Pleasant Goat and Big Big Wolf Movie 3: Moon Castle - The Space Adventure,1213
Amnesia,1213
Qi Niu Nan Xia,1214
Urusei Yatsura Movie 4: Lum The Forever,1214
Q Transformers: Kaette Kita Convoy no Nazo,1215
Powder: New Tribe,1215
A Wind Named Amnesia,1215
Mazinger Edition Z: The Impact!,1215
The Seven Deadly Sins: Revival of the Commandments OVA,1216
Otoko to Onna to Inu,1216
Pleasant Goat and Big Big Wolf: Mighty Little Defenders,1217
Kono Hoshi no Ue ni,1217
Stitch! Challenge From Piko,1217
Rainbow Sea 3rd Season,1217
Seraph of the End Specials,1217
Osaru no Sankichi: Boukuusen,1219
"Moshi Moshi, Terumi desu.",1219
Tegami Bachi: Letter Bee,1219
Chargeman Ken!,1219
Mushishi Zoku Shou: Odoro no Michi,1220
Angel Links,1221
Youkai Watch Movie 6: Youkai Gakuen Y - Neko wa Hero ni Nareru ka,1221
Johnson x Taka no Tsume: Tatakae! Jokin Shitennou,1221
The Kabocha Wine,1222
Asunal Kanayama,1222
Ling Jian Zun 4th Season,1223
Zhu Zhu Xia: Wu Ling Shou Wei Zhe,1223
Is the Order a Rabbit?? ~Sing For You~,1224
Pharrell Williams: It Girl,1224
Gensei Shugoshin P-hyoro Ikka OVA,1225
Koeda-chan,1226
Meimon! Daisan Yakyuubu,1226
Baja's Studio: Baja and the Sea,1226
Osomatsu-kun (1988),1226
Niji-iro Prism Girl,1227
Beyblade Burst Surge,1228
Sora ga Aketara,1228
Master Keaton OVA,1228
Hello Kitty no Ou-sama no Mimi wa Roba no Mimi,1229
Battle Girl High School,1230
Ring of Gundam,1230
Shining Tears X Wind,1230
www.Working!!,1230
Astro Boy (1963),1230
Fafner: Right of Left,1231
Nihon no Otogibanashi,1233
Kidou Shinsengumi Moeyo Ken,1233
Ichirin-Sha,1233
Battle of Clay (2019),1233
One Piece: Cry Heart,1233
Kiss x Sis,1233
Mafumafu & Soraru: Anti-Clockwise,1234
Nem: Kaitou Peter & Jenny,1235
Funny Animal Bus 2nd Season,1235
Arcade Gamer Fubuki Special,1235
Assault Lily: Last Bullet Midsummer Escort Night Event PV,1235
Choujin Sentai Baratack,1235
Saint Seiya: The Lost Canvas - Meiou Shinwa,1235
"Omoi, Omoware, Furi, Furare",1237
Aoao Dai Bu,1238
Kkumui Wangguk Sofy Ruby,1239
Pokemon XY Special: Road to Kalos,1239
CocoaSigarette-P: Tsuki Tabi,1239
Psycho-Pass SS: Case. 1 - Tsumi to Batsu,1239
PES: Peace Eco Smile,1241
Yurumates (2012),1241
Amanchu! Upyopyo Dive Tsukkome! Umi no Sekai!,1242
Shuukan Shimakou,1244
White Snake,1244
Komaneko’s Christmas: The Lost Gift,1245
Douluo Dalu,1247
Onmyou Hyakki Monogatari,1247
Legends of the Dark King: A Fist of the North Star Story,1248
Sakura Wars: The Movie,1248
Super Street Fighter IV,1248
Neo Angelique Abyss: Second Age,1248
Konpora Kid,1249
Kassaii Event Kokuchi Eizou,1249
Sayonara Ponytail: Hikaru machi e,1249
Hapi Fa Zi: Chao Neng Pao Dan,1250
Asobi Asobase OVA,1250
Magical Angel Creamy Mami: Curtain Call,1250
Ishifuro: Tell Me (2018),1251
Maria Watches Over Us Season 4 Specials,1252
Menghuan Shuyuan 3rd Season,1252
Battle Break,1253
Working!!! Lord of the Takanashi,1254
Ane Log: Moyako Nee-san no Honpen wo Tobidashite Tomaranai Monologue,1255
Shikong Long Qishi,1256
Cao Yuan Ying Xiong Xiao Jie Mei,1256
Shadow Skill TV,1256
L.O.R.D: Legend of Ravaging Dynasties,1257
Saishuu Shiken Kujira,1257
Okama Hakusho,1258
Shounen Sunday CM: LOVe,1259
The Diary of a Crazed Family,1260
Kurousa-P: Ariadne,1261
Ravex in Tezuka World,1261
Ojamajo Doremi #,1261
Xiyue Qi Tong (2006),1262
Long Riders! Recap,1264
the pillows: 1989,1264
Resident Evil 4D Executor,1265
Uchikubi Gokumon Doukoukai: Futon no Naka kara Detakunai,1265
Mushi no Tsubuyaki,1266
Psycho Nyanya,1266
Gdleen,1266
Tekkaman Blade: Nagaki Tatakai no Jokyoku,1266
Shi Wan Ge Leng Xiaohua Movie 2,1266
Midoriyama Koukou Koushien-hen Movie,1266
Anata no Katagoshi Chotto Ue,1267
Pororo the Little Penguin 5,1267
Fushou Shita Senro to Tsuki,1268
Battle Spirits: Heroes,1269
Tamayura: Hitotose,1269
Dir En Grey: Rinkaku,1271
Yamishibai: Japanese Ghost Stories 10th Season,1271
Baki: Son of Ogre,1271
Crash!,1272
86: Eighty-Six - Coquelicots Blooming Across the Battlefield,1272
Santaruupaa,1273
Yu-Gi-Oh! GORUSH!!,1274
Kirameki Project,1274
"Sound! Euphonium: Ready, Set, Monaka",1274
Shaman King Mini Anime: Funbari Onsen Hanjouki,1275
Houkago no Ouji-sama,1275
Tamagotchi! Tamatomo Daishuu GO,1275
Geunyeoneun Yeppeotda,1276
The Window,1276
Petit Gargantia,1277
Nemui Inu,1277
We Never Learn!,1278
Chibi Maruko-chan: Hi no Youjin,1278
Ganba Fly High,1279
Hakuouki: Record of the Jade Blood Episode 0,1279
Bao Bao Wo,1280
Eyeshield 21: Maboroshi no Golden Bowl,1280
Holy Knight Light,1280
Li Shi,1281
Gall Force 2: Destruction,1282
True Tears Epilogue,1283
Petite Princess Yucie,1283
GREAT3: Devil's Organ,1283
Gosenzo-sama Banbanzai!,1284
Koukou,1284
Tsuru no Ongaeshi,1285
Ishifuro: Ryuu no Tani to Taiyou no Toride,1285
Yume Utsutsu (2010),1285
Sangokushi II: Amakakeru Otoko-tachi,1285
Ze Tian Ji 5th Season,1285
Kankara Sanshin,1285
Koi Koi Seven,1286
Qiang Shang De Hua,1287
Hachioji-P: RAD DOGS,1287
Yorushika: Itte.,1288
The Great Rabbit,1289
Nekomonogatari (Black),1289
"Genesis Climber Mospeada: Love, Live, Alive",1290
Zhandou Ba Geji! 0,1291
Strange Love,1291
Mobile Suit Gundam: Hathaway's Flash III,1292
Aikatsu! 3,1292
Tsukumo,1294
Chuldong! Robot V,1294
The [email protected]: Onegai Cinderella,1294
Toaru Kagaku no Railgun: Entenka no Satsuei Model mo Raku Ja Arimasen wa ne,1294
Elfen Lied,1294
Wacky TV Na Na Na: Exciting Caveland,1294
Mitchie M: Suki! Yuki! Maji Magic,1295
Death Note,1295
King's Game,1295
Umi no Mizu Hanaze Karai,1296
Shigofumi,1296
Nessa no Haou Gandalla,1297
amazarashi: Mudai,1297
Amazing Nuts!,1298
Umi Monogatari: Faithful Hearts,1298
Cai Mogu,1299
Tales of Symphonia the Animation: The United World Episode,1299
Shakotan Boogie,1300
Bubblegum Crisis: Hurricane Live! 2032,1300
3000 Leagues in Search of Mother,1301
Nora,1302
Fettu to Ccine to Gummi Seijin,1303
OhashiTrio: Stereo,1304
Remake our Life!,1305
halyosy: Colorful Tag Team,1306
Westbound Apocalypse,1308
Pucca (2008),1308
Girl X,1309
Area 88 TV,1309
Pretty Rhythm: Aurora Dream,1310
Hoshi no Ko Chobin,1312
Urameshi Denwa,1312
Aesop Douwa,1312
Carnival Phantasm: EX Season,1312
The Haunted House: The Birth of Ghost Ball X,1313
Sakura Yori Ai wo Nosete,1313
mothy: Nanatsu no Tsumi to Batsu,1315
Re:ZERO -Starting Break Time From Zero-,1317
Neko Enikki,1317
Quiz Tokiko-san,1317
Shin Koihime Musou: Live Revolution,1318
Nijiiro Love Letter,1319
Princess Minerva,1321
Kotatsu Neko (Web),1321
Ikedaya Soudou,1321
Wo Wei Ge Kuang,1322
Sonic X,1322
C³,1322
Uchuu Patrol Hopper,1322
Himitsukessha Taka no Tsume Movie 3,1323
Magical Sempai,1323
Fate/stay night: Unlimited Blade Works Movie,1323
Asa Made Jugyou Chu!,1323
Naruto Shippuden,1323
Hyper Doll,1324
SHAREDOL Pilot,1325
Love Live! School Idol Project OVA,1325
Komori-san Can't Decline!: Info Corner,1327
The Man Who Has Changed the History: A Drannage of Lake Biwa,1327
Q-ban Sanguo: San Xiao Qiang Movie,1329
"Why the Hell are You Here, Teacher!?",1329
Gravitation: Lyrics of Love,1329
Fate/Kaleid Liner Prisma Illya 3rei!! Special,1330
A Child's Metaphysics,1331
Nontan to Issho,1331
One Piece: Take Aim! The Pirate Baseball King,1331
Fate/Grand Order: Epic of Remnant Pseudo - Singularity II Event PV,1332
McDull: Gushi,1333
Chuanyue Huoxian: Youling Jihua,1333
The Guardian Brothers,1333
Puparia,1333
Adventures of the Little Mermaid,1333
Jewelpet Twinkle Special,1335
Military!,1336
The Tree of Courage (1992),1337
Capricorn,1338
Tokyo Majin: 2nd Act,1338
Koi wa Elevator,1339
Evangelion: 2.0 You Can (Not) Advance,1339
Strike Witches: 501st JOINT FIGHTER WING Take Off!,1340
One Room 2nd Season,1340
Princess Resurrection OVA Specials,1341
Divergence Eve: Misaki Chronicles,1341
From the New World,1342
Warau Salesman Episode 0,1343
Saténové ruky: DušaN,1343
Zhan Long Si Qu,1343
Xiao Ge Er Lia,1343
The Defective,1344
Date A Bullet: Dead or Bullet,1345
Sengoku Choujuu Giga,1345
Guin Saga,1346
Kumo ni Noru,1347
Mickey to Oliver no Agent Yousei Kouza,1347
"The Familiar of Zero: ""Rondo"" of Princesses Picture Drama",1348
Welcome to Pia Carrot 2 DX,1349
Dragon Ball Movie 1: Curse of the Blood Rubies,1350
Pittarazu Manner Movie CM,1351
Area 88,1352
Gal & Dino,1352
Hatachi no Ryouma with Kurofune-kun!,1352
Ninja Scroll,1352
I think you're a little confused,1354
Peace Maker Kurogane,1354
Hetalia: The Beautiful World,1355
Kuzuryuugawa to Shounen,1356
Xie Wang Zhui Qi 3: Shennu Guilai,1356
t7s Longing for summer Again And Again: Harukaze,1357
TWIN CROSS: Dareka no Santa Claus,1358
Kotenkotenko,1358
The Breakaways: Girl Electric,1358
Back Drop Bomb: Never Shined,1358
Lovely Idol,1358
Xixing Ji 3rd Season,1358
Beastars,1358
Tales of HR,1358
Laughing Under the Clouds Gaiden: Movie 1,1358
Shimajirou to Fufu no Daibouken Movie: Sukue! Nana-iro no Hana,1358
X TV,1359
Aimer: Yuki no Furu Machi,1359
"Love, Chunibyo, & Other Delusions! Rikka Version",1360
Vampillia: lilac,1360
Kuchiroro: Umi,1360
One Piece Movie 10: Strong World,1360
CHAI: Aisou ze!,1362
Feixiang de Gezi,1362
Seer Da Dianying 4: Sheng Mo Zhi Shan,1362
Humanity Has Declined,1362
Da Capo if,1362
gdgd men's party,1363
Manga Furusato Mukashibanashi,1363
Mofang Dasha,1364
"So I'm a Spider, So What?",1364
KINMOZA!,1365
Symphogear GX Specials,1365
Shiawase no Tokei,1365
Hetalia: Axis Powers Fan Disc,1365
Tales of Eternia,1366
1001 Nights,1366
Detective Conan Movie 7: Crossroad in the Ancient Capital,1366
Dahuoji yu Gongzhu Qun,1367
"Pyuu to Fuku! Jaguar: Ima, Fuki ni Yukimasu",1367
Arisa☆Good Luck,1368
Dropkick on My Devil! (Web),1368
Ten Made Tobaso,1368
Dubu Xinghai,1370
Kiss Dum: Engage Planet,1370
Ado: Odo,1370
Diary of Our Days at the Breakwater,1371
Mori no Kuma-san,1371
Luo Xiaohei Zhan Ji: Zhongsheng Zhi Men,1371
Kotatsu-shita no Christmas,1372
"Taisetsu na Kazoku wo Tsutsumu, Sono Te.",1372
Luo Xiaohei Zhan Ji: Fan Wai,1372
"Oh, Suddenly Egyptian God 2nd Season",1372
Xiong Chu Mo Season 6: Xiari Lian Lian Kan,1373
Gigigoegoe: Seonghyeongsu,1373
Appleseed Alpha,1373
Corpse Princess: Puchitto,1374
Hikaru no Go: Special Edition - Match of Justice! The Ancient Flower Blooms!,1374
Ookina Furudokei (1973),1374
Crayon Shin-chan Movie 28: Gekitotsu! Rakuga Kingdom to Hobo Yonin no Yuusha,1375
Kenshi Yonezu: Christmas Morgue,1375
Aiyou de Mishi,1376
HoneyWorks & LIPxLIP: Choco Kano,1376
Chie the Brat,1376
Tori no Uta,1377
Uchuu Nanchara Kotetsu-kun,1377
The Kawai Complex Guide to Manors and Hostel Behavior: First Time,1377
Seitokaichou ni Chuukoku,1378
Zutomayo: Ham,1378
Armored Trooper Votoms,1378
Jigen Loop,1378
Curry Meshi x Zombieland Saga,1379
Mobile Suit Gundam Wing,1379
Idol Land PriPara,1380
3-D Heaven,1380
Toradora! Recap,1380
Popolocrois Monogatari,1380
Irodorimidori: Change Our Mirai!,1381
Psycho Nyanya: Nyanya Song,1381
Hetalia: World Series,1382
Patlabor: The Mobile Police,1382
The World God Only Knows: Magical Star Kanon 100%,1382
Gun-dou Musashi,1383
Daimaju Gekito Hagane no Oni,1383
Chibi Devi!,1383
All That Gundam,1383
Donguri no Ie,1384
Toradora! The True Meaning of Bento,1384
Legendary Armor Samurai Troopers: Message,1385
Bero Bero,1385
Quanzhi Fashi III,1385
Ed Sheeran: Bad Habits,1386
I Love Sky,1387
The Garden of Sinners: Recalled Out Summer - Manner Movie,1387
Snow White with the Red Hair 2nd Season,1387
Akahori Gedou Hour Rabuge: Zettai Seigi Love Pheromone,1388
Traful x Ojamajo Doremi CM,1388
Alice in City Roaming,1389
Very Private Lesson,1389
Alien Defender Geo-Armor: Kishin Corps,1390
Robot Girls NEO,1390
Blend S,1390
"Jeipon, Futatabi! Kore ga Reiwa Style no Satsujinki",1391
Shaonian Huo Yuan Jia,1391
DOGEZA: I Tried Asking While Kowtowing.,1391
Mayoi Neko Overrun! Specials,1391
Lupin III Special 28: Prison of the Past,1391
Xiao Hua Xian,1392
Princess Nine,1392
Xiao Xiong De Lu Xing,1393
Rumbling Hearts,1393
Gintama: Shinyaku Benizakura-hen Special,1393
Silent Service,1393
Gundam Neo Experience 0087: Green Divers,1394
Noblesse: Awakening,1394
Hello Kitty no Tomatta Big Ben,1394
Pokemon 3D Adventure: Find Mew!,1395
Fate/EXTRA CCC x Fate/Grand Order: Deep Sea Dennou Rakudo Event PV,1395
Don't Cry,1396
Noobow: Mini Theater,1396
Okaa-chan Gomen ne,1396
REBORN! Special,1396
Locke the Superman: Mirror Ring,1397
Isekai Yakkyoku,1397
2.43: Seiin High School Boys Volleyball Team Mini Anime,1397
HoneyWorks & LIPxLIP: Rodeo,1397
Izumi Makura: Love,1397
Mini Hama,1400
Mafumafu & Soraru: Kaidokufunou,1400
ColoColo Animal Otogibanashi,1401
Ride Your Wave,1401
Ragnarok,1401
Mndsgn: Alluptoyou,1402
Super Dimensional Fortress Macross II: Lovers Again,1402
Horus: Prince of the Sun,1402
Ayakashi,1402
Mecha Afro-kun,1402
Kamen Rider Zero-One Short Anime: Everyone's Daily Life,1402
Oreimo 2 Specials,1402
The Glass Mask Year 3 Class D,1403
Daisougen no Chiisana Tenshi Bush Baby,1403
Irodorimidori: Brilliant Better,1404
Kid's Castle,1405
Planetes Picture Drama,1405
Shinzo,1405
Mobile Suit SD Gundam Mk I,1407
Momon's Sand Witch Bangai-hen: Tanu no Kyuujitsu,1407
Owarimonogatari II Recaps,1407
Mobile Suit Gundam ZZ: Gundam Frag.,1408
Kuma Kuma Kuma Bear,1409
Good Morning Call,1409
Pinky Street,1410
Mobile Suit Gundam: The 08th MS Team - Miller's Report,1410
SD Gundam World: Sangoku Souketsuden,1411
Horror News,1412
Shigeru,1412
Yukai na Mezamashi Tokei,1417
Hui Sheng: Xiao Tu Tao Tao De Gushi,1418
No Guns Life,1418
Norakuro Nitouhei: Kyouren no Maki,1419
Chengzi Gushi,1419
Nem: Kouhaku Manjushuka,1420
Seton Academy: Join the Pack!,1421
Osiris no Tenbin -Season 2-,1422
Joukyou Monogatari,1424
Pinocchio yori Piccolino no Bouken,1424
REC,1424
Sanguo Yanyi 2nd Season: Zhulu Zhongyuan,1425
Zou no Senaka: Tabi-Datsu Hi,1425
Studio Khara vs. CyberConnect2 Gachinko! Animation Taiketsu!,1426
Yume,1426
Daisuki! BuBu ChaCha,1426
Deadman Wonderland,1427
Sumikko Gurashi Movie: Tobidasu Ehon to Himitsu no Ko,1428
Yoshimaho,1428
Wo Shi Jiang Xiaobai 2nd Season,1428
Shiina Natsukawa: No.1,1428
One Pound Gospel,1429
Kumo to Tulip,1429
Drifters: Kokuou-sama Goranshin OVA,1429
Naisho no Tsubomi,1430
Cao Chong Cheng Xiang,1430
Hatena Illusion,1431
Minna Agechau,1431
PAUL RUSCH: His Life and Dream,1431
Yatogame-chan Kansatsu Nikki,1431
Jian Wang 3: Xia Gan Yi Dan Shen Jianxin II,1432
Yuusei Kamen,1432
By the Grace of the Gods 2,1433
Coyote Ragtime Show,1433
Child of Kamiari Month,1433
Koala's Goodbye Song (Piano Version),1434
Golgo 13: Queen Bee,1435
Afro-ken,1435
Legend of the Condor Hero II,1436
Sekai no Owari: Present,1437
Kicell: Hitotsu dake Kaeta,1438
DOGEZA: I Tried Asking While Kowtowing. Isekai-hen,1439
Outburst Dreamer Boys: It's the Destiny of Those Born as Men,1439
Fight!! Spirit of the Sword,1440
Pinocchio-P: Monster Universe,1440
Gundam Build Fighters Try,1440
Xue Yu Xin,1441
Nine: Original,1442
Hello Kitty In The Little Match Girl,1442
Ore-sama Kingdom,1442
Groizer X,1443
Apfelland Monogatari,1444
Wai Xing Ren Ago 2nd Season,1444
Ed Sheeran: Supermarket Flowers,1444
Naruto Movie 3: Guardians of the Crescent Moon Kingdom,1445
Yi Tang Juchang: Sanguo Yanyi,1446
Shadow Fighter,1448
Schoolgirl Strikers: Animation Channel,1448
Mobile Suit SD Gundam Mk V,1449
Little Yeyos,1449
Funassyi no FunaFunaFuna Biyori,1450
Keito no Yousei: Knit to Wool,1450
Naruto Special 1: Find the Crimson Four-leaf Clover!,1450
Yatterman: Shin Yattermecha Osu gou! Omocha no Kuni de Dai Ketsudan da Koron!,1450
Pinocchio-P: Nina,1451
Nem: virgin suicides,1451
Auspicious Emperor,1451
Hayate the Combat Butler! Can't Take My Eyes Off You,1451
Tokyo Revelation,1452
Each Other,1452
Shomin Sample,1452
Go! Go! Ackman,1453
Origami Ninja Koyankinte,1453
Uobbuchou,1454
Days of Delight PV,1454
Jiutian Xing Dai Ni Wan Zhuan Xiqu,1454
From Up on Poppy Hill,1454
Furiten-kun (1990),1454
Naruto Shippuden Movie 6: Road to Ninja,1454
TO-Y,1456
"Letchu, Getchu, Saru Getchu Episode 0",1456
Birdie Wing: Golf Girls' Story,1457
matryoshka: Niedola,1457
Arifureta: From Commonplace to World's Strongest 2nd Season,1457
Spacy,1458
Dream C Club Pure Songs Clips,1458
80 Days Around the World With Willy Fog,1458
Animal Dance,1459
Drops of Life,1460
Dead Girl,1461
Sabishi Gariya-san Konnichiwa,1462
Love Nights! A.D,1463
Licca-chan Fushigi na Mahou no Ring,1463
Arashi no Yoru ni: Himitsu no Tomodachi,1463
The Legend of Heroes: Trails of Cold Steel,1464
Fussa Dancing Animation,1464
Saga of Tanya the Evil,1464
Di Gi Charat Ohanami Special,1465
Pantsu no Ana: Mambo de Ganbo!,1466
Pikotarou no Lullaby Lu-llaby (Web),1467
KutsuDaru.,1467
SoulTaker: Tamashii-gari - Komugi Daisakusen,1467
Cardfight!! Vanguard: Legion Mate,1468
It's My Life,1469
High Card,1471
Arigatou Kumanofu,1471
Cofun Gal no Coffy: Christmas Daisakusen,1473
Wanshou Yan Lixian Ji,1473
Canaan: Minorikawa Report 201X Shanghai,1474
The Demon Girl Next Door 2,1474
There She Is!!,1476
Animation Kikou Marco Polo no Bouken,1477
Master of Torque,1478
Frame Arms: A Violent Struggle,1478
One Piece: The Desert Princess and the Pirates - Adventures in Alabasta Prologue,1478
Thunderbolt Fantasy 3,1478
Bottom-tier Character Tomozaki (New),1479
Galaxy Express 999: Glass no Clair,1479
Sante FX x One Piece,1480
Sakai Noriko no Yoiko no Ohanashi Hiroba,1481
Onii-chan Dakedo Ai Sae Areba Kankeinai yo ne!,1481
Kaguya-sama: Love Is War,1481
Hunter x Hunter: Phantom Rouge,1482
Star Blazers: Space Battleship Yamato 2199,1483
Xie Wang Zhui Qi,1483
5-fun de Wakaru! Kingdom: Gou Juugun-hen,1484
Monkateu,1484
Lan Mo de Hua,1485
Tokyo 7th Sisters: YELLOW,1485
Time of Eve,1485
Shounen Miyamoto Musashi,1486
Warlords of Sigrdrifa: Battle Records of the 909th Valkyrie Wing!,1486
Garo The Animation,1487
Code Geass: Lelouch of the Rebellion R2 Flash Specials,1487
Heybot!,1489
Wonder-kun no Hatsu Yume Uchuu Ryokou,1489
Crayon Shin-chan Gaiden: Omocha Wars,1489
Boku wa Imouto ni Koi wo Suru,1490
Fruits Basket: Prelude,1491
Kyouryuu Tankentai Born Free,1491
Starship Troopers: Invasion,1491
Kemono Michi: Rise Up,1491
Lupin III Special 2: The Hemingway Papers,1491
Mai Zhu,1492
Phoenix 2772,1493
Tokyo Babylon 2021,1494
Maetel Legend,1494
Roco Kingdom Movie 1,1495
Beniimo Musume,1495
Taeko no Nichijou,1495
Fafner: The Beyond,1496
High School DxD Specials,1496
InuYasha The Movie 2: The Castle Beyond the Looking Glass,1496
Lupin III: Legend of the Gold of Babylon,1497
Phantasy Star Online 2: Episode Oracle - Xiao's Report,1497
GeGeGe no Kitarou: Kitarou no Yuurei Densha,1497
Jin Guang Yu Jiu Jie: Gui Tu Qi Xing Lu,1497
Shounen to Mahou no Robot,1498
Tokyu Plaza Ginza Open,1498
Tokyo Disney Resort: Yume ga Kanau Basho,1499
Momonga-mon,1499
Street Fighter II V,1499
Drifting Home,1500
Ye Si,1500
Nodame Cantabile: Paris,1501
Full Metal Panic! Invisible Victory,1501
Kill Me Baby OVA,1502
Pokemon: Pikachu and Pichu,1502
Do It Yourself!!,1503
Xiao Cai Feng,1503
Akaoni to Aooni no Tango,1503
D.Gray-man Hallow,1504
Jin Guang Yu Jiu Jie: Mo Wuxia Feng,1505
Zo Zo Zombie (2017),1505
Lie Yang Tiandao II,1505
Ore wa Teppei,1506
Minamo,1506
Ninja Girl & Samurai Master 2nd Season,1506
Eyes,1507
Mezzo,1507
Black Butler Picture Drama,1507
Chio's School Road,1508
The Tales of Rien Village #1,1508
Chinpui: Eri-sama Katsudou Daishashin,1509
Irodorimidori: Muteki We Are One!!,1510
Ultrasonico,1510
Aggretsuko 5,1510
Tomica Hyper Rescue Drive Head: Kidou Kyuukyuu Keisatsu (2018),1510
Beyond the Boundary: Shinonome,1510
Natsu no Arashi! Akinaichuu,1510
Junk Town,1511
Anisava,1511
Nausicaa of the Valley of the Wind,1511
Tottoko Hamtarou Hai!,1512
Honkai Impact 3rd: Seele,1513
Youkina Fuukei-tachi,1513
Wuxian Shaonu 48,1514
Chou Shounen Tanteidan NEO,1514
Golden Time (2013),1514
Neko no Niagho,1515
Aikatsu! Nerawareta Mahou no Aikatsu Card,1515
InuYasha,1515
Strike Witches OVA,1516
Botanical garden,1516
Dawang Bu Gaoxing 2,1518
Zhang Zai Wu Li De Zhu Sun,1518
Kamisama Kiss: Kako-hen,1518
Assassination Classroom Episode 0: Deai no Jikan,1518
Beyond the Boundary: Idol Trial!,1519
Pleasant Goat and Big Big Wolf: Adventures in the Sea,1520
Fengshen Bang,1521
Good-bye Elvis and USA,1521
Ben-To Picture Drama,1522
Macross Frontier Deculture Edition,1523
Teenage Mutant Ninja Turtles: Superman Legend,1523
Cyborg 009 vs Devilman,1525
Boundary line,1525
Ai no Wakakusa Yama Monogatari,1526
Break Go!Ga!,1526
Zunda Horizon,1527
Shadows House 2nd Season,1527
Bananya,1527
Yuyoyuppe: cry,1528
Tensai Bakabon,1528
Vegetable Fairies N.Y.SALAD Movie,1529
Wish upon a Snowdrop,1530
Attack on Titan Picture Drama,1530
Adachi and Shimamura Mini Anime,1530
Fragtime,1531
Hanasaku Iroha: Home Sweet Home,1531
Bokura Mangaka: Tokiwa-sou Monogatari,1531
Detroit Metal City: Birth of the Metal Devil,1532
Fate/Extra CCC OP,1532
The Promised Neverland 2nd Season,1533
The Day I Bought a Star,1533
Monster Musume no Iru Nichijou,1534
On A Paper Crane: Tomoko's Adventure,1535
Dorian: Summer Rich,1535
Xingchen Bian 3rd Season,1535
Xiongshi Shaonian,1536
Urvan,1537
A Certain Scientific Accelerator,1537
in the blue shirt: Cluster A,1538
"The Garden of Sinners Movie 3: Ever Cry, Never Life. (Remaining Sense of Pain)",1538
Ichimai no Etegami,1540
Nissin Cup Noodles x Weathering With You,1542
Nakanaori,1542
The Lamp Man,1542
Yuuji Nakada: Deeper,1542
Yasuyuki Okamura: Viva Namida,1544
Star Fox Zero: The Battle Begins,1544
La La La De Ma Xi Ya,1544
Kyoufu Densetsu Kaiki! Frankenstein,1545
Zannen na Ikimono no Jiten (2021),1547
Pet,1547
Shisha no Sho,1548
Gokudou Sakaba Denden: Gokudou Daisensou Gaiden,1550
Spo-chan Taiketsu: Youkai Daikessen,1550
Kuaile Meng Duo Duo,1551
Wish Upon the Pleiades: Manner Movie,1552
Deep Love,1552
Senran Kagura: Shinovi Master,1553
World Trigger 2nd Season,1553
Ane Log,1553
Deadman Wonderland: The Red Knife Wielder,1555
.hack//Quantum,1555
Detective Conan Movie 25: The Bride of Halloween,1555
phatmans after school: 7-kakan,1556
Shadowverse,1556
Beginning of Fashion,1556
Heaven's Lost Property,1556
Smileflower,1556
In Search of Axis,1557
Jeff Cheung: Burn My Love,1557
LITE: The Sun Sank,1557
Mamimume Mogacho,1559
Kirin Ashita no Calendar,1560
Lupin III: Farewell to Nostradamus,1560
Itsumo Kokoro ni Ho,1561
Gankutsuou: The Count of Monte Cristo,1561
Yu Bang Xiang Zheng,1562
Yu Tokiwa: Hitorikiri no Parade,1562
Mafumafu: Jigsaw Puzzle,1563
Omoinotake: Wakusei,1564
Aimer: Polaris,1564
Black Rock Shooter: Dawn Fall,1564
This Boy Suffers from Crystallization,1565
Queen Emeraldas,1566
TRIGGER: Crescent Rise,1566
Doraemon (1979),1567
Pokemon XY&Z Specials,1567
NEKOPARA TV,1569
Kao Corporation CM: Kirei Tsunagaru Mainichi e,1569
Sakkai Eightraid,1570
Ninku: Knife no Bohyou,1571
One Week Friends: Kaori's Journal,1571
Tokimeki Memorial: Only Love,1572
Celestial Method: Aru Shoujo no Kyuujitsu,1572
Kuro ga Ita Natsu,1572
Twittering Birds Never Fly: Don't Stay Gold,1572
Kurage no Shokudou,1573
Ao-chan Can't Study!,1573
Ensemble Stars! Picture Drama,1574
Kakyuusei 2,1575
sora tob sakana: Hakken,1576
Essential Free & Easy Cool Wax Danshi,1577
Higurashi: When They Cry - Gou,1578
Boku no Lyric no Bouyomi: Asayake to Nettaigyo,1578
Meng Zhu Yijia,1579
Tiger & Bunny,1580
Sengoku Night Blood: Ongaku Dai Tokushuu,1580
Grander Musashi,1581
Mobile Suit Gundam: Iron-Blooded Orphans Recaps,1582
Hato no Uta,1583
Minami-ke,1583
Iga no Kabamaru,1584
Otoppe Movie: Papa Don't Cry,1584
Hachioji-P: HORIZON,1584
Evangelion: 3.0+1.0 Thrice Upon a Time,1584
Asa Da yo! Kaishain x Cine Mileage Card,1584
Fairy Tail OVA,1584
Sonic: Night of the WereHog,1585
Fuuto PI,1587
Dolphin Ouji,1587
Brain Powerd,1588
Between the Sky and Sea,1588
High School DxD Hero: Holiness Behind the Gym,1588
Hyouga Senshi Gaislugger,1589
Pinocchio-P: Kimi ga Ikite Nakute Yokatta,1590
Underdog,1590
Joubuna Tire!,1591
Hulaing Babies,1591
Top News King,1591
The Weathering Continent,1591
Fate/Kaleid Liner Prisma Illya: Prisma Phantasm,1591
Higepiyo,1591
Hanamonogatari,1592
Chikotan,1593
Yorushika: Parade,1593
GOUACHE: RED,1594
Kabita Mikan no Santa Claus,1596
Miru Tights Special,1596
The Prince of Tennis Mini Theater,1598
Kennosuke-sama,1599
Puchimas! Petit [email protected] OVA,1599
Akuei to Gacchinpo The Movie: Chelsea no Gyakushuu/Akuei to Mahou no Hammer,1600
Chenmo Zhi Lan,1600
Gasaraki,1600
Furakappa,1600
Kobo-chan: Aki ga Ippai,1601
Super Doll Licca-chan,1601
Bemubemu Hunter Kotengu Tenmaru,1601
Ganso Banana no Tamashii,1601
Inaba no Kuni no Usagi-san,1603
Chuan Shu Zijiu Zhinan,1603
Beast Wars II Chou Seimeitai Transformers Movie,1603
Speed Grapher,1604
Yi Fu Tong Jin,1605
Ryoko's Case File,1606
Fairy Tail x Mameshiba,1607
Kano: RERE,1607
Heat Guy J Special,1608
Recovery of an MMO Junkie Special,1609
Youkai Ningen Bem (2006),1610
Made in Abyss: Hourou Suru Tasogare,1611
Lady Georgie,1611
A song for You! You? You!!,1612
Comic Party Revolution,1613
Tomorrow from there,1614
SAKUGAN,1614
Golden Kamuy Season 4,1614
All Purpose Cultural Cat Girl Nuku Nuku,1616
Tomodachi Game,1616
Hashire! Shiroi Ookami,1617
SofyRuby,1617
Licensed by Royal,1618
Joker 2,1618
Blade of the Immortal,1619
Ichigo 100% OVA,1619
Porong Porong: Snow Fairy Adventure,1619
Mama no Earring,1619
Xiao Tu Tao Tao De Gushi: Bu Pa Leng De Da Yi,1620
Macross Frontier,1620
Keiichirou Shibuya & Hiroki Azuma: Initiation,1620
Super HxEros,1621
FAKE TYPE: Mister Jewel Box,1621
Cobra The Animation: The Psychogun,1622
Hunter x Hunter OVA 2: Greed Island,1622
Vampire Holmes,1623
Nanako no Orusuban,1623
Ga no Iru Tokoro,1623
Chou Kidou Gaiku: Kashiwa-no-Ha,1623
Kyoto Animation CM: Meiji-hen,1624
If Her Flag Breaks,1624
World Peacekeepers,1624
Hitoshizuku-P × Yama△: Shukufuku no Messiah to Ai no Tou,1624
nhhmbase: Parasol Life,1625
Moero Arthur: Hakuba no Ouji,1625
The Vision of Escaflowne Recaps,1625
HameFura: Catarina to Manabou,1626
Fly,1626
Kindaichi Shounen no Jikenbo (2007),1627
Komatta Jii-san,1627
Stand by Me Doraemon,1627
Turning Mecard W Movie: Black Mirror ui Buhwal,1628
Sayounara Concert,1628
Full Moon Party,1629
A Dark Rabbit Has Seven Lives Picture Drama,1629
JRA x Gudetama,1630
Kanon (2006),1630
Chiisai Aki Mitsuketa (1982),1631
King of Prism: Shiny Seven Stars IV - Louis x Shin x Unknown,1631
Yume Miru Koneko,1631
009 Re:Cyborg,1633
Be-Bop Kaizokuban,1634
Yozakura Quartet: Tsuki ni Naku,1634
Puchimas! Petit [email protected] - Takatsuki Gold Densetsu Special!! Harukasan Matsuri,1634
Sugar Soldier,1635
Green Legend Ran,1636
Non Non Biyori Nonstop OVA,1636
Love of Kemeko,1636
Blood+,1636
Pokemon: Black & White - Rival Destinies,1636
Gintama: Jump Festa 2008,1636
Hun Yuan,1637
El-Hazard: The Alternative World,1637
Alita's Trail,1638
Kowasugimasu,1639
Fairy Ngoo,1639
"Three Leaves, Three Colors Specials",1639
Detective Conan OVA 9: The Stranger of 10 Years,1640
Mobile Suit Gundam 0080: War in the Pocket,1640
Hulaing Babies Aratame: Staying Babies Special,1641
Double Decker! Doug & Kirill Extra Story,1642
Code-E,1642
Classroom of the Elite PV,1643
Akai Hayate,1644
Fate/Extella OP,1644
Aoki Hagane no Arpeggio: Ars Nova,1644
rerulili: Holy Lance Explosion Boy,1645
Gohan Kaijuu Pap CM,1646
Oden-kun,1646
Rokushin Gattai God Mars Juunanasai no Densetsu,1646
Qiang Zhen Tou,1647
Bouro no Uta,1647
Tomoyo,1648
Ojamanga Yamada-kun,1649
Mo Di Qiyu Ji,1649
We Never Learn,1650
Slippy Dandy,1651
Teekyuu 8,1651
YeYe: awake,1652
Momotarou no Koutsuu Anzen Kyoushitsu,1652
Holiday Advent Calendar 2018,1653
Pocari Sweat CM: Ase Kakou,1654
Otome Youkai Zakuro Picture Drama,1654
nami: Soukyokusei Tranquilizer,1654
Hoshizora Kiseki,1654
