One Piece: The Desert Princess and the Pirates - Adventures in Alabasta Prologue,1014
Nejishiki: Nijimu Sekai,1016
Knights of Ramune,1018
Death Note,1023
Xiao Ge Er Lia,1025
OhashiTrio: Stereo,1027
Golden Time (2013),1047
Kuzuryuugawa to Shounen,1059
Gdleen,1060
Nakanaori,1071
HoneyWorks & LIPxLIP: Rodeo,1078
Strike Witches: 501st JOINT FIGHTER WING Take Off!,1088
Master Keaton OVA,1103
Gun-dou Musashi,1112
The Vision of Escaflowne Recaps,1117
Himitsu no Akko-chan 2,1122
Minna Agechau,1126
Non Non Biyori Nonstop OVA,1127
Yankee-kun na Yamada-kun to Megane-chan to Majo,1129
Mafumafu: Tachiiri kinshi,1133
Picchipichi Shizuku-chan,1139
Mama no Earring,1140
Fairy Tail OVA,1143
Yi Fu Tong Jin,1146
Tokyo Disney Resort: Yume ga Kanau Basho,1163
From the New World,1164
Dorian: Summer Rich,1164
Futsal Boys!!!!!,1170
Kakusansei Million Arthur OP,1179
Princess Resurrection OVA Specials,1180
Günther,1185
Utakoi,1188
Qin Shi Mingyue: Tian Xing Jiu Ge,1190
One-Punch Man: Road to Hero,1196
Apfelland Monogatari,1199
Yi Tang Juchang: Sanguo Yanyi,1205
Suzy's Zoo Daisuki! Witzy,1207
Kupu~!! Mamegoma!,1211
Quiz Tokiko-san,1213
Zhandou Ba Geji! 0,1225
Asa Da yo! Kaishain x Cine Mileage Card,1228
Sayonara Ponytail: Hikaru machi e,1231
Gakuen Basara: Samurai High School,1240
40-Shuunen da yo! Coro Coro All-Star Shougakkou,1243
Gargoyle of the Yoshinagas,1244
Chiisai Aki Mitsuketa (1982),1259
Bureau of Proto Society,1264
Smileflower,1265
Dragon Ball Movie 2: Sleeping Princess in Devil's Castle,1274
Panpaka Pants O New-san,1274
Pucca (2008),1275
Minamo,1280
1001 Nights,1290
Aesop Douwa,1294
Mobile Suit Gundam: Hathaway's Flash II,1300
Yurumates (2012),1309
The Royal Tutor,1318
Spookiz Season 3,1320
Housenka,1321
NEKOPARA TV,1325
A Little Princess Sara,1332
Yume,1335
Momon's Sand Witch Bangai-hen: Tanu no Kyuujitsu,1354
Kyuutai Panic Adventure Returns!,1363
Sugar Soldier,1386
Licca-chan Fushigi na Mahou no Ring,1395
Wan Shen Ji,1398
Sound Horizon: Yodaka no Hoshi,1404
"The Familiar of Zero: ""Rondo"" of Princesses Picture Drama",1410
Kenshi Yonezu: Christmas Morgue,1412
Menghuan Shuyuan 3rd Season,1419
Hulaing Babies,1436
Sakura Wars: The Movie,1443
Jian Wang 3: Xia Gan Yi Dan Shen Jianxin II,1443
Funassyi no FunaFunaFuna Biyori,1458
Nanocore 2016 Xinnian Tebie Ban,1461
Katana Maidens: Toji no Miko,1465
NINO & Evan Call: Jyou Jyou,1469
Toradora! The True Meaning of Bento,1471
Bero Bero,1473
Thermae Romae,1479
Donguri no Ie,1482
Shin Skyers 5,1484
Shaonian Huo Yuan Jia,1486
Meng Zhu Yijia,1486
Tako ni Natta Okaasan,1488
Sakura Yori Ai wo Nosete,1491
Calligraffiti,1494
Super Doll Licca-chan,1497
Living with Garfield,1503
Uchuu Patrol Hopper,1505
Arifureta: From Commonplace to World's Strongest 2nd Season,1518
Nakoruru,1524
Nausicaa of the Valley of the Wind,1536
Armored Trooper Votoms,1554
Sumikko Gurashi Movie: Tobidasu Ehon to Himitsu no Ko,1556
Romeo x Juliet,1559
Zhong Zhiyang 8mm Donghua,1560
Tokyo 7th Sisters: YELLOW,1573
World Peacekeepers,1574
Joubuna Tire!,1576
Idol Land PriPara,1585
The Glass Mask Year 3 Class D,1585
Pinch to Punch,1589
Golden Kamuy Season 4,1590
Sangokushi II: Amakakeru Otoko-tachi,1597
Kanon (2006),1606
The [email protected]: Onegai Cinderella,1612
Ditou Rensheng,1615
Megaton Musashi 2nd Season,1631
Kairaku no Sono,1635
Kassaii Event Kokuchi Eizou,1640
The Great Passage,1642
Kennosuke-sama,1651
Joukyou Monogatari,1653
Bemubemu Hunter Kotengu Tenmaru,1654
Go! Go! Ackman,1658
Chuldong! Robot V,1664
Hakuouki: Record of the Jade Blood Episode 0,1665
Line Town,1669
Nine: Original,1672
Visual Prison,1683
Kidou Shinsengumi Moeyo Ken,1687
"So I'm a Spider, So What?",1698
PES: Peace Eco Smile,1702
Ling Jian Zun 4th Season,1709
Transformers: Armada,1711
Rainych: Diamond City,1727
REBORN! Special,1738
Carnival Phantasm: EX Season,1741
Higurashi: When They Cry - Gou,1745
Tian Tian Hao Haizi,1746
The Kabocha Wine,1747
Hachioji-P: HORIZON,1748
Sound of the Sky,1754
Baki: Son of Ogre,1757
Puparia,1761
Yumi Kojima: Kappapa,1765
Daisougen no Chiisana Tenshi Bush Baby,1767
Overlord IV,1769
Jin Guang Yu Jiu Jie: Mo Wuxia Feng,1782
Code Geass: Lelouch of the Rebellion R2 Flash Specials,1786
My Bride is a Mermaid,1792
Boundary line,1794
Basilisk: The Ouka Ninja Scrolls,1809
Xiao Cai Feng,1816
Pokemon XY&Z Specials,1818
The Haunted House: The Birth of Ghost Ball X,1822
Otoko to Onna to Inu,1833
Attack on Titan Picture Drama,1840
Break Go!Ga!,1850
Tiancai Zaji Yanyuan,1877
Hime-sama Goyoujin,1886
Legend of the Condor Hero II,1890
Marvel Future Avengers 2nd Season,1891
Pretty Rhythm: Aurora Dream,1905
KY-kei JC Kuuki-chan,1918
Aria the Crepuscolo,1923
The Seven Deadly Sins: Revival of the Commandments OVA,1929
Zombie Land Saga,1934
Refrain Blue,1936
Furakappa,1937
Assault Lily: Last Bullet - Senka no Kessoku PV,1951
Boruto: Naruto the Movie,1956
Encouragement of Climb Special,1966
Kick!,1966
Yamaki x Taka no Tsume: Katsuobushi Kezutte Kezutte Daisakusen,1967
Ken-chan,1974
Ookina Furudokei (1973),1974
Xixing Ji 3rd Season,1981
newspaper,1985
Norakuro Ittouhei,1994
Hitoshizuku-P × Yama△: Shukufuku no Messiah to Ai no Tou,1997
The Window,2007
Gundam Neo Experience 0087: Green Divers,2036
Manga Nihonshi,2048
Strike the Blood IV,2050
Rockeppe,2052
Nozo x Kimi,2052
Dragon Quest: Dai no Daibouken - Tachiagare!! Avan no Shito,2055
Naruto Special 1: Find the Crimson Four-leaf Clover!,2062
La La La De Ma Xi Ya,2070
Toradora! Recap,2079
Urvan,2079
Ashita no Kibou: Kanashimi yo Arigatou - Takae Tsuneo Monogatari,2084
The Testament of Sister New Devil DEPARTURES,2088
Ado: Yoru no Pierrot (360° ver.),2098
No Guns Life 2nd Season,2104
Saishuu Shiken Kujira,2109
Between the Sky and Sea,2112
Aimer: Polaris,2114
Capricorn,2118
Ayane's High Kick,2126
Owarimonogatari II Recaps,2127
Full Moon Party,2127
Kankara Sanshin,2132
Ulysses 31,2141
Diamond Daydreams Special,2141
Jubilee,2143
VitaminX Addiction,2152
Akuei to Gacchinpo The Movie: Chelsea no Gyakushuu/Akuei to Mahou no Hammer,2153
Ba Xian Guo Hai (2019),2154
Dou Long Zhanshi Movie,2155
Fate/stay night: Unlimited Blade Works 2 - Sunny Day,2168
Ichigo 100% OVA,2169
Shining Tears X Wind,2171
Gundam Build Fighters Try,2172
Sonic X,2173
Buddha Saitan,2179
Pi Pi Lixian Ji,2181
Celestial Method: Aru Shoujo no Kyuujitsu,2182
Ultrasonico,2184
Taisei Kensetsu: Bosporus Kaikyou Tunnel,2185
Love Nights! A.D,2185
Saint Seiya: The Lost Canvas - Meiou Shinwa,2186
Bosco Adventure,2189
One Piece: Cry Heart,2196
Kyoro-chan,2209
Spice and Wolf,2209
Qiang Shang De Hua,2210
Street Fighter II V,2211
CocoaSigarette-P: Tsuki Tabi,2216
Pinocchio yori Piccolino no Bouken,2217
Kuma Kuma Kuma Bear,2221
Peach Boy Riverside,2222
One Piece Movie 4: Dead End Adventure,2223
Izumi Makura: Love,2226
Roujin Z,2232
KonoSuba – God’s blessing on this wonderful world! 2 OVA,2234
Akahori Gedou Hour Rabuge: Zettai Seigi Love Pheromone,2246
Gigigoegoe: Seonghyeongsu,2252
Momonga-mon,2272
Namae... Sore wa Moeru Inochi,2280
Ichimai no Etegami,2285
Saga of Tanya the Evil,2308
Okama Hakusho,2311
Itsumo Kokoro ni Ho,2313
Popolocrois Monogatari,2317
Higanjima X,2319
Boarding School Juliet,2339
Youkai Watch: Shadow Side,2342
Eguchi Hisashi no Nantoka Narudesho!,2342
Aiyou de Mishi,2347
HoneyWorks & LIPxLIP: Choco Kano,2356
Chuan Shu Zijiu Zhinan,2383
Kuragehime Specials,2395
Koala's Goodbye Song (Piano Version),2395
Inishie no Megami to Houseki no Ite,2399
DOGEZA: I Tried Asking While Kowtowing.,2411
Meitantei Rascal,2412
Peeping Life x Beppu City Collaboration,2413
The Day I Bought a Star,2413
Asunal Kanayama,2418
Curry Meshi x Zombieland Saga,2418
Love is in small things 2nd Season,2436
A Certain Scientific Railgun S: All the Important Things I Learned in a Bathhouse,2452
Super Mario World: Mario to Yoshi no Bouken Land,2453
Miao Xian Sheng,2459
TWIN CROSS: Dareka no Santa Claus,2465
HoneyWorks: Kawaiku Naritai,2468
Haiyoru! Nyaru-ani: Remember My Love(craft-sensei),2474
Code-E,2474
100-nichikan Ikita Wani,2482
Kid's Castle,2506
Ed Sheeran: Bad Habits,2507
McDull: Gushi,2513
Chinpui: Eri-sama Katsudou Daishashin,2516
5-fun de Wakaru! Kingdom: Gou Juugun-hen,2517
Television,2521
Ikedaya Soudou,2531
Evangelion: 3.0+1.0 Thrice Upon a Time,2543
Ayakashi,2546
Pinocchio-P: Secret HIMITSU,2558
Punchnello & Yerin Baek: Nagseo,2561
Tsukumo,2571
Golgo 13: Queen Bee,2577
The Bathroom,2590
Amanatsu,2595
Shakotan Boogie,2597
Comic Party Revolution,2606
Airs,2607
Calm,2616
Irodorimidori: Change Our Mirai!,2618
Hoshizora Kiseki,2638
Kumo to Tulip,2639
Double Decker! Doug & Kirill Extra Story,2644
rerulili: Holy Lance Explosion Boy,2649
Miniforce,2651
"Love, Chunibyo, & Other Delusions! Rikka Version",2658
Holiday Advent Calendar 2018,2671
Future Diary: Ura Mirai Nikki,2674
Kabita Mikan no Santa Claus,2674
Triton of the Sea (1979),2683
Birdie Wing: Golf Girls' Story,2690
3000 Leagues in Search of Mother,2702
Tantei Opera Milky Holmes: Psycho no Aisatsu,2715
Nansensu Monogatari Daiichi-hen: Sarugashima,2717
Yinhe Zhi Xin,2721
Seton Academy: Join the Pack!,2738
Tarzan,2744
Toshokan Sensou: Kakumei no Tsubasa,2751
Shinzo,2758
Made in Abyss: Hourou Suru Tasogare,2764
Pokemon: The Origin,2765
Guai Laotou Er,2766
"Jeipon, Futatabi! Kore ga Reiwa Style no Satsujinki",2774
Johnson x Taka no Tsume: Tatakae! Jokin Shitennou,2779
Orange -Mirai-,2787
Anime Roukyoku Kikou Shimizu no Jirochouden,2800
Zhu Zhu Xia: Wu Ling Shou Wei Zhe,2801
Xie Wang Zhui Qi 3: Shennu Guilai,2801
Santa Company,2805
Quiz Magic Academy: The Original Animation 2,2811
Silent Service,2813
Di Gi Charat Ohanami Special,2817
I think you're a little confused,2820
High School DxD BorN Specials,2845
Neo Angelique Abyss,2847
Rumbling Hearts,2857
All Purpose Cultural Cat Girl Nuku Nuku,2861
Kurousa-P: Ariadne,2864
Shouri Toushu,2866
nami: Soukyokusei Tranquilizer,2876
Dr. Slump Movie 3: The Great Race Around the World,2889
Kkumui Wangguk Sofy Ruby,2906
Garo The Animation,2915
Rakshasa Street 2nd Season: Part II,2928
Osiris no Tenbin -Season 2-,2931
Battle of Clay (2019),2938
Pleasant Goat and Big Big Wolf: Everyday Pleasant Goat,2941
Ryoko's Case File,2947
Super Dimensional Fortress Macross II: The Movie,2949
LITE: The Sun Sank,2954
Yuyoyuppe: cry,2963
K: Missing Kings,2974
Pinocchio-P: Kimi ga Ikite Nakute Yokatta,2980
Beyond the Boundary: Shinonome,2996
Oreimo 2 Specials,2998
Elfen Lied,2999
3-D Heaven,3001
Fate/stay night: Unlimited Blade Works Movie,3019
Chogattai Majutsu Robot Ginguiser,3026
Negima!?,3026
Naruto Movie 3: Guardians of the Crescent Moon Kingdom,3036
Usagi no Matthew,3041
Rurouni Kenshin: Seisouhen,3048
Fly,3052
Pinocchio-P: Nina,3053
Child of Kamiari Month,3061
Powder: New Tribe,3064
Glass Fleet,3075
Fight!! Spirit of the Sword,3081
Kamen Rider Zero-One Short Anime: Everyone's Daily Life,3099
Ishifuro: Tell Me (2018),3103
Rainbow Sea 3rd Season,3126
Tokyu Plaza Ginza Open,3127
Princess Minerva,3128
Super Robot Wars OG: The Inspector,3148
Chikotan,3151
Days of Delight PV,3157
The Man Who Has Changed the History: A Drannage of Lake Biwa,3166
Urameshi Denwa,3168
Chiisana Tegami,3181
The Prince of Tennis Mini Theater,3184
Beniimo Musume,3188
Kotatsu Neko (Web),3200
"Sing ""Yesterday"" for Me",3211
Hayate the Combat Butler! Can't Take My Eyes Off You,3221
"Three Leaves, Three Colors Specials",3240
Blood+,3247
Warau Salesman Episode 0,3248
Funny Animal Bus 2nd Season,3254
Cai Mogu,3266
Snow White with the Red Hair 2nd Season,3281
Fate/EXTRA CCC x Fate/Grand Order: Deep Sea Dennou Rakudo Event PV,3288
Alita's Trail,3288
Kotenkotenko,3293
Otoppe Movie: Papa Don't Cry,3294
The [email protected]: Cinderella Girls Theater Climax Season,3295
Mahou Tsukai Chappy,3301
Baka and Test - Summon the Beasts OVA: Sentakushi Ikou nomi,3303
Westbound Apocalypse,3332
Assassination Classroom Episode 0: Deai no Jikan,3333
Ganba Fly High,3337
Delinquent Hamsters 2,3343
Hato Poppoppo,3346
Dangerous Jii-san Ja OVA,3346
Bakuhatsu Goro,3351
Queen Emeraldas,3363
Pom Pom Purin in The North Wind and the Sun,3370
Neko Jockey 2nd Season,3381
Tomica Hyper Rescue Drive Head: Kidou Kyuukyuu Keisatsu (2018),3384
Princess Nine,3400
Super HxEros,3416
Ninja Girl & Samurai Master 2nd Season,3419
On A Paper Crane: Tomoko's Adventure,3424
Grimgar of Fantasy and Ash,3426
Kamisama Kiss: Kako-hen,3433
Hachioji-P: RAD DOGS,3444
Ace of the Diamond: Second Season,3446
Jin Guang Yu Jiu Jie: Gui Tu Qi Xing Lu,3447
Military!,3450
Kiddy Grade: Truth Dawn,3454
Maboroshi Mabo-chan,3456
Legend of Lemnear Pilot,3460
SoulTaker: Tamashii-gari - Komugi Daisakusen,3467
Iga no Kabamaru,3479
G-angle Concept Movie (Cel Version),3491
Horror News,3492
Oshare Majo Love and Berry: Shiawase no Mahou,3493
Detective Conan: The Culprit Hanazawa,3494
Uchuu Nanchara Kotetsu-kun,3495
Pretty Cure All Stars: Minna de Utau♪ Kiseki no Mahou!,3502
Yu Yu Hakusho,3505
Aoki Hagane no Arpeggio: Ars Nova,3520
Master of Torque,3521
Pokemon: Black & White - Rival Destinies,3526
Vampillia: lilac,3533
Lupin III Special 2: The Hemingway Papers,3539
Kyoufu Densetsu Kaiki! Frankenstein,3544
Sekai no Owari: Present,3546
Yu Yu Hakusho: Mu Mu Hakusho,3557
Slippy Dandy,3558
Geunyeoneun Yeppeotda,3559
Shigeru,3562
Clannad,3565
Mon Colle Knights,3599
Pet,3602
One Piece Movie 10: Strong World,3605
Yuuji Nakada: Deeper,3613
Detective Conan Movie 7: Crossroad in the Ancient Capital,3617
Ado: Odo,3634
Boku wa Imouto ni Koi wo Suru,3638
Snow White with the Red Hair,3646
Yu Tokiwa: Hitorikiri no Parade,3662
Stand by Me Doraemon,3668
Din Dong,3681
Kirin Ashita no Calendar,3688
Phoenix 2772,3694
Oz no Mahou Tsukai Movie,3698
Dr. Slump Movie 7: Arale-chan N-cha! Pengin-mura yori Ai wo komete,3702
Animation Runner Kuromi,3703
Blend S,3718
Konpora Kid,3719
Eat-Man '98,3721
Girls Jockey Special,3728
Mole Zhuang Yuan 3: Mohuan Lieche Da Maoxian,3738
Kicell: Hitotsu dake Kaeta,3741
Devil May Cry,3743
Saint Seiya: Soushuuhen,3746
Fist of the North Star: Legend of Yuria,3747
Horus: Prince of the Sun,3750
I Want to Eat Your Pancreas,3761
Umi Monogatari,3762
Yuyoyuppe: Leia,3766
Area 88 TV,3768
Project A-Ko 3: Cinderella Rhapsody,3795
Is the Order a Rabbit?? ~Sing For You~,3802
Seitokaichou ni Chuukoku,3805
Eyes,3807
Lupin III: Part V,3808
Peeping Life x Kaijuu Sakaba: Kaijuu-tachi ga Iru Tokoro,3817
Ousama no Takaramono,3827
Tenamonya Voyagers,3847
Sayonara Zetsubou Sensei Jo: Zoku Zetsubou Shoujo Senshuu,3852
Roco Kingdom Movie 1,3859
Locke the Superman: Mirror Ring,3861
"Moshi Moshi, Terumi desu.",3867
Pantsu no Ana: Mambo de Ganbo!,3873
Kao Corporation CM: Kirei Tsunagaru Mainichi e,3876
Gensei Shugoshin P-hyoro Ikka OVA,3880
"Why the Hell are You Here, Teacher!?",3890
King of Thorn,3891
Oh Dear,3893
Kotatsu-shita no Christmas,3896
the pillows: 1989,3901
Daisuki! BuBu ChaCha,3901
Alice in Borderland CM,3903
Captain Future: Kareinaru Taiyokei Race,3907
Fate/Extella OP,3908
2.43: Seiin High School Boys Volleyball Team Mini Anime,3913
Kakyuusei 2,3920
Ganbare! Lulu Lolo,3920
Eyeshield 21: Maboroshi no Golden Bowl,3923
Squid Introspection,3931
Shounen Miyamoto Musashi,3935
Zongyou Yaoguai Xiang Hai Zhen,3947
Q Transformers: Kaette Kita Convoy no Nazo,3947
Planetes Picture Drama,3950
Shimajirou to Fufu no Daibouken Movie: Sukue! Nana-iro no Hana,3964
Hi-sCool! Seha Girls Special,3989
"You're Being Summoned, Azazel Z",3994
Pleasant Goat and Big Big Wolf: Marching to the New Wonderland,3998
Lupin III Special 28: Prison of the Past,4000
Spo-chan Taiketsu: Youkai Daikessen,4004
Sushi and Beyond,4016
Please Twins: The Summer Never Ends,4018
SD Gundam World: Sangoku Souketsuden,4027
Ride Your Wave,4028
Akaoni to Aooni no Tango,4039
"Neru: Kodama, Hekikai, Nayuta wo Misadamu Aglaophonos no Shihen",4045
Teenage Mutant Ninja Turtles: Superman Legend,4059
Hun Yuan,4060
Seer Da Dianying 4: Sheng Mo Zhi Shan,4066
Wo Wei Ge Kuang,4067
The King of Fighters: Destiny,4078
Hapi Fa Zi: Chao Neng Pao Dan,4086
Cooking Master Boy,4086
Nike SB x Mobile Suit Gundam Unicorn,4087
Detroit Metal City: Birth of the Metal Devil,4097
Gu Xiong,4099
Miru Tights Special,4100
Cofun Gal no Coffy: Christmas Daisakusen,4104
Zutomayo: Ham,4117
Doraemon Movie 41: Nobita's Little Space War 2021,4118
Natsufuku no Shoujotachi,4122
Aoao Dai Bu,4127
Kimitachi wa dou ikiru ka,4128
Mezzo,4134
Super Alloy Robot Solar,4134
The Promised Neverland 2nd Season,4136
Date a Live Movie: Mayuri Judgement,4141
Keina Suda: Red,4141
Powapowa-P: Strobe Light,4151
Angel Links,4151
Phi Brain: Puzzle of God,4152
Pokke,4154
Chengzi Gushi,4168
L.O.R.D: Legend of Ravaging Dynasties,4171
Kariage-kun,4179
Schwarzesmarken,4180
Aikatsu! 3,4181
Recovery of an MMO Junkie Special,4181
Code Geass: Lelouch of the Rebellion R2 Picture Drama - Last Moratorium,4188
Memoirs of Amorous Gentlemen,4191
Pecola,4194
Fankai Zhe Yi Ye,4203
Gravitation: Lyrics of Love,4206
Hello Kitty no Tomatta Big Ben,4214
InuYasha,4217
Xiao Ta Lixian Ji: Jiyi Senlin,4224
Bubblegum Crisis: Hurricane Live! 2032,4224
Osamu Sato: The Esoteric Retina,4227
Ring of Gundam,4232
Licensed by Royal,4245
Hyper Doll,4246
Go! Princess Pretty Cure,4251
If Her Flag Breaks,4261
Baja's Studio: Baja and the Sea,4283
Tanuki to Kitsune Specials,4287
Drops of Life,4294
Petite Princess Yucie,4328
Taiyi Xianmo Lu Di Si Ji: Sansheng Qingjie Zai Ta Xiantu,4329
Akagaki Genzou: Tokuri no Wakare,4339
Auspicious Emperor,4339
Shadows House 2nd Season,4341
Mysteria Friends,4342
Sword Gai: The Animation Part II,4352
Otohime Connection,4368
Eternal Alice: Eikyuu Alice Rondo - Extra Song,4378
The Lamp Man,4378
Tokimeki Memorial: Only Love,4382
The Demon Girl Next Door 2,4389
Library War,4390
Akai Boushi,4392
Alderamin on the Sky,4394
Jigen Loop,4394
Da Capo if,4397
Kano: RERE,4410
The Tales of Rien Village #1,4421
Beastars,4422
Way Home,4431
Blade of the Immortal,4437
Crayon Shin-chan Movie 28: Gekitotsu! Rakuga Kingdom to Hobo Yonin no Yuusha,4438
Porong Porong: Snow Fairy Adventure,4466
Top News King,4467
Detective Conan: Amuro Secret Call,4468
Mobile Suit Gundam ZZ: Gundam Frag.,4468
The Seven Heavenly Virtues,4471
RoboMasters The Animated Series,4473
Kono Oto Tomare! 2nd Season,4475
Q-ban Sanguo: San Xiao Qiang Movie,4486
The Tree of Courage (1992),4497
Umi no Mizu Hanaze Karai,4518
Gekkou no Pierce: Yumemi to Gin no Bara no Kishidan,4524
Your Gay Thoughts: To Disappear,4525
Pikotarou no Lullaby Lu-llaby (Web),4533
"Genesis Climber Mospeada: Love, Live, Alive",4540
Luo Xiaohei Zhan Ji: Fan Wai,4543
Very Private Lesson,4543
Momotarou no Koutsuu Anzen Kyoushitsu,4545
Ane Log: Moyako Nee-san no Honpen wo Tobidashite Tomaranai Monologue,4572
Mogu&Perol,4581
Fate/Kaleid Liner Prisma Illya 3rei!! Special,4583
Wo Cuole,4587
Wuxian Shaonu 48,4590
Mobile Suit Gundam: The 08th MS Team - Miller's Report,4595
Gintama: Shinyaku Benizakura-hen Special,4601
Sabishi Gariya-san Konnichiwa,4601
Mofang Dasha,4604
Wolf Girl and Black Prince Recap,4605
Brain Powerd,4609
His and Her Circumstances,4634
Komaneko’s Christmas: The Lost Gift,4639
Dream C Club Pure Songs Clips,4651
Minami-ke,4664
One Room 2nd Season,4665
Momotaro,4673
Zetman,4678
Panpan no Tou: Ongaku wa Tomatta,4684
Battle Spirits: Kakumei no Galette,4685
Fate/Grand Order: Moonlight/Lostroom,4687
Mobile Suit SD Gundam Mk V,4690
halyosy: Colorful Tag Team,4691
Nem: Kouhaku Manjushuka,4697
The Elder Sister-Like One,4700
Onii-chan Dakedo Ai Sae Areba Kankeinai yo ne!,4704
Heat Guy J Special,4708
Akane Aki: FlashBack,4712
Orbital Era,4717
Hyakko Extra,4724
Space Battleship Tiramisu Zwei,4733
Chuanyue Huoxian: Youling Jihua,4733
Noobow: Mini Theater,4734
Oni Girl!! x Mameshiba,4742
Minus-P: Shouwaru Onna Online,4757
One Piece: Take Aim! The Pirate Baseball King,4762
Aikatsu Friends!,4773
Miss Monochrome: Watashi dake no Monogatari,4774
Legendary Armor Samurai Troopers: Message,4778
Bao Bao Wo,4782
Tokyo Babylon 2021,4787
Remake our Life!,4790
Yu Bang Xiang Zheng,4812
Infinity Nado 2,4822
gdgd men's party,4825
Ye Si,4826
X-Men,4829
Crayon Shin-chan Movie 8: Arashi wo Yobu Jungle,4829
Fanren Xiu Xian Chuan,4829
Xiao Cangshu Di Di de Chi Bo Richang,4833
IDOLiSH7: Nanatsu-iro REALiZE,4836
Penguin no Mondai,4837
Paprika (2019),4837
The Spirits of Cairn,4841
Koukou,4846
A song for You! You? You!!,4851
"Masayoshi Yamazaki: One More Time, One More Chance",4852
Akagi,4853
Wacky TV Na Na Na: Exciting Caveland,4853
Animal Dance,4858
Ganbare! Bokura no Hit and Run,4863
Shadow Skill TV,4869
Kyoto Animation CM: Meiji-hen,4870
The Kawai Complex Guide to Manors and Hostel Behavior: First Time,4873
White Snake,4875
"Nora, Princess, and Stray Cat (New)",4883
Tanoshii Bunmeishi: Tetsu Monogatari,4884
Ane Log,4896
Sakai Noriko no Yoiko no Ohanashi Hiroba,4899
Keito no Yousei: Knit to Wool,4901
Ba La La Xiao Mo Xian Zhi: Meng Huan Xuan Lu,4903
Yowamushi Pedal: Re:RIDE,4908
"Pyuu to Fuku! Jaguar: Ima, Fuki ni Yukimasu",4917
Wai Xing Ren Ago 2nd Season,4917
Cha Bu Duo,4923
One Pound Gospel,4930
Arisa☆Good Luck,4934
Fengshen Bang,4938
Kaeru San Yuushi,4941
Midoriyama Koukou Koushien-hen Movie,4941
Beginning of Fashion,4957
One Week Friends: Kaori's Journal,4957
Moero Arthur: Hakuba no Ouji,4958
Kirakira Kirari☆,4963
Yoshimaho,4965
Battle Girl High School,4981
No Game No Life Specials,4996
Asa Made Jugyou Chu!,5001
Do It Yourself!!,5001
Hotaru Koi,5011
Wonder-kun no Hatsu Yume Uchuu Ryokou,5012
Naita Aka Oni,5016
Music Girls (2015),5019
Kiss x Sis,5021
Pinocchio-P: Monster Universe,5032
Tokyo 7th Sisters: TRIGGER / Fire and Rose,5033
Nihon no Otogibanashi,5036
Akuemon,5036
Fate/Kaleid Liner Prisma Illya: Prisma Phantasm,5048
Super Dimension Century Orguss,5071
Umineko: When They Cry Specials,5085
City Hunter: Ryou no Propose,5086
True Tears Epilogue,5088
Juupiki no Kaeru,5090
Chibi Maruko-chan: Hi no Youjin,5094
There She Is!!,5094
My Hero Academia - All Might: Rising The Animation,5115
Tokyo Revelation,5129
We Never Learn!,5140
Dead Girl,5150
This Boy Suffers from Crystallization,5155
"Mori no Kuma-san, Toumin-chuu.",5156
Kiss Kiss Kiss,5161
Tamagotchi! Miracle Friends,5164
Honkai Impact 3rd: Seele,5171
Doraemon (1979),5183
Shi Ye Miao Yin,5184
Qi Niu Nan Xia,5185
TRIGGER: Crescent Rise,5192
Shin Koihime Musou: Live Revolution,5193
Yamada-kun and the Seven Witches PV,5209
Legends of the Dark King: A Fist of the North Star Story,5213
CLIMBER,5217
Hello Kitty no Ou-sama no Mimi wa Roba no Mimi,5235
Detective Conan Movie 25: The Bride of Halloween,5235
Xinghe Zhizun 2nd Season,5253
sora tob sakana: Hakken,5261
The Little Mermaid: Attack of the Pirates,5277
Gushi Xiao Hao Shou,5285
Noblesse: Awakening,5285
Chenmo Zhi Lan,5287
King of Prism: Shiny Seven Stars IV - Louis x Shin x Unknown,5300
Puchimas! Petit [email protected] - Takatsuki Gold Densetsu Special!! Harukasan Matsuri,5304
Mori no Kuma-san,5315
Sakkai Eightraid,5317
Naruto Shippuden Movie 6: Road to Ninja,5320
Little Yeyos,5322
A Wind Named Amnesia,5324
Unko-san: Tsuiteru Hito ni Shika Mienai Yousei,5329
PAUL RUSCH: His Life and Dream,5329
Lolling Seutajeu Movie,5335
Umi Monogatari: Faithful Hearts,5340
Akazukin to Kenkou,5343
Cuxin de Xiaopang,5350
Nessa no Haou Gandalla,5354
Girls und Panzer der Film: Akiyama Yukari no Sensha Kouza,5362
Kexue Tansuo Zhi Qimiao Dili,5364
Kaguya-sama: Love Is War,5366
Irodorimidori: Muteki We Are One!!,5372
Hulaing Babies Aratame: Staying Babies Special,5378
Rebirth Moon Divergence,5383
Coyote Ragtime Show,5395
Metropolitan Museum,5403
Ragnarok,5417
We Rent Tsukumogami,5423
Xiao Hua Xian,5427
Disney: Twisted-Wonderland 1-shuunen Kinen PV,5430
Momo Kyun Sword,5431
Fettu to Ccine to Gummi Seijin,5431
Valvrave the Liberator,5434
Pac-Man and the Ghostly Adventures,5436
ReLIFE,5446
Mecha Afro-kun,5451
Tiger & Bunny,5460
(K)NoW_NAME: Knew day,5461
The Breakaways: Girl Electric,5462
Xiong Bing Lian 3,5469
Hikaru no Go: Special Edition - Match of Justice! The Ancient Flower Blooms!,5489
Yu-Gi-Oh! GORUSH!!,5494
Star Blazers: Space Battleship Yamato 2199,5494
Ga no Iru Tokoro,5503
Hui Sheng: Xiao Tu Tao Tao De Gushi,5509
Chou Kidou Gaiku: Kashiwa-no-Ha,5511
Neko Enikki,5519
Ken-chan to Bouen Kazoku,5525
Saténové ruky: DušaN,5546
Amnesia,5572
Omoinotake: Wakusei,5575
Traful x Ojamajo Doremi CM,5576
Kobutori,5580
Fussa Dancing Animation,5602
Overlord II,5604
Bottom-tier Character Tomozaki (New),5606
Kochira Katsushikaku Kameari Kouenmae Hashutsujo (Shinsaku),5607
Maetel Legend,5607
YeYe: awake,5608
Nemui Inu,5615
Yume no Majutsushi,5618
Nerima Daikon Brothers,5621
Good-bye Elvis and USA,5627
Dragon Ball Movie 1: Curse of the Blood Rubies,5635
"Taisetsu na Kazoku wo Tsutsumu, Sono Te.",5649
Ore no Sora Keiji-hen,5650
Ado: Ashura-chan,5668
Grander Musashi,5672
When They Cry: Higurashi,5677
Oden-kun,5681
Mayoi Neko Overrun! Specials,5688
The Lost Village,5695
Patlabor: The Mobile Police,5702
Outburst Dreamer Boys: It's the Destiny of Those Born as Men,5716
Botanical garden,5717
Natsu no Arashi! Akinaichuu,5719
Assassination Classroom,5729
Ongaku Sekai Ryokou,5733
Re:ZERO -Starting Break Time From Zero-,5745
A Child's Metaphysics,5746
Nanako no Orusuban,5755
Hamster Club,5763
Sakura Wars: Ecole de Paris,5772
Ikkitousen: Dragon Destiny,5774
Hiiragi Kirai: Eureka,5775
Irodorimidori: Brilliant Better,5783
Dolphin Ouji,5787
80 Days Around the World With Willy Fog,5818
Nem: Kaitou Peter & Jenny,5820
Wo Shi Jiang Xiaobai 2nd Season,5820
Classroom☆Crisis,5827
Qiang Zhen Tou,5827
Cao Chong Cheng Xiang,5835
Drifting Home,5839
Hei Mao Jing Zhang,5841
Chronos Ruler,5847
Kase-san & Morning Glories,5847
Kuchiroro: Umi,5856
Reikenzan: Eichi e no Shikaku,5860
Gal & Dino,5860
Baoxiao Haha Zhen,5861
Time of Eve,5866
Chargeman Ken!,5869
Super Robot Wars OG: Divine Wars - Separate Paths,5881
Wo Shi Wangzhe,5883
Gokudou Sakaba Denden: Gokudou Daisensou Gaiden,5885
Isekai Yakkyoku,5894
Robot Girls NEO,5907
Honobono Log,5915
Asobi Asobase OVA,5918
Nineko Gelee,5940
Petit Gargantia,5965
SK8 the Infinity (New),5979
Hetalia: World Series,5986
Adventures of the Little Mermaid,6001
Canaan: Minorikawa Report 201X Shanghai,6006
Symphogear GX Specials,6023
Afro-ken,6035
HameFura: Catarina to Manabou,6039
Zhi Duoduo Qihuan Xingkong Zhi Lu,6056
Pokemon Black Version 2 and White Version 2,6058
Hello Kitty In The Little Match Girl,6061
Tsukiuta. The Animation,6070
Pleasant Goat and Big Big Wolf: Mighty Little Defenders,6071
Shita-kiri Suzume,6072
Tottoko Hamtarou Hai!,6074
Kinnikuman Movie 5: Haresugata! Seigi Choujin,6075
Adachi and Shimamura Mini Anime,6075
86: Eighty-Six - Coquelicots Blooming Across the Battlefield,6076
Hetalia: World Series Extra Episodes,6095
Mobile Suit Gundam: Iron-Blooded Orphans Recaps,6112
Poppin' Party: STAR BEAT! ~ Hoshinokodou ~,6113
Neru: Sekai wo Kowashite Iru,6122
Corpse Princess: Puchitto,6123
Chou Shounen Tanteidan NEO,6124
Back Drop Bomb: Never Shined,6127
KutsuDaru.,6127
Arcade Gamer Fubuki Special,6131
Pleasant Goat and Big Big Wolf: Adventures in the Sea,6134
Battle Spirits: Burning Soul,6135
Black Butler Picture Drama,6161
Battle Break,6163
Benkei and Ushiwakamaru,6186
Jewelpet Twinkle Special,6205
Tomorrow from there,6213
Ojamajo Doremi #,6215
Boku no Lyric no Bouyomi: Asayake to Nettaigyo,6227
Twittering Birds Never Fly: Don't Stay Gold,6229
DECO*27: Winter Cleaning,6230
The Mysterious Cities of Gold,6258
Classroom of the Elite PV,6259
Fruits Basket: Prelude,6279
Hunter x Hunter OVA 2: Greed Island,6302
No Guns Life,6303
Koi Suru Tenshi Angelique: Kagayaki no Ashita Special,6304
Channel 5.5,6313
Mahoutsukai Haley no Speed Story,6316
Uobbuchou,6318
"On a Forest, in the Air",6322
Dropkick on My Devil! (Web),6323
Spacy,6329
Fushou Shita Senro to Tsuki,6347
Detective Conan OVA 9: The Stranger of 10 Years,6351
Choujin Sentai Baratack,6352
Aura Battler Dunbine,6356
Houkago no Ouji-sama,6367
Monster Musume no Iru Nichijou,6368
Orphen Revenge,6375
Xingchen Bian 3rd Season,6379
Ojamajo Doremi,6381
Fei Zhi Baike: Yuanlai Ni Shi Zheyang de Zhiwu 2nd Season,6384
Sheep in the Island,6389
Psycho Nyanya: Nyanya Song,6391
Tokyo Majin: 2nd Act,6392
Kyouryuu Tankentai Born Free,6396
Kenshi Yonezu: Musunde Hiraite Rasetsu to Mukuro,6406
Lupin III vs Detective Conan: The Movie,6408
Santaruupaa,6419
Strike Witches OVA,6420
Bakusou Kyoudai Let's & Go!! WGP,6424
Super Street Fighter IV,6429
Fate/Grand Order x Himuro no Tenchi: 7-nin no Saikyou Ijin-hen,6443
Animation Kikou Marco Polo no Bouken,6448
Vampillia: Mirror Mirror (bombs BiS),6450
Blend,6479
Meimon! Daisan Yakyuubu,6480
Starship Troopers: Invasion,6492
Irodorimidori: Spicy Swingy Style,6496
Gohan Kaijuu Pap CM,6496
Yawara! Special: Zutto Kimi no Koto ga,6497
Magical Sempai,6504
Charlotte Special,6506
X TV,6508
Felix no Mei Tantei,6542
Folktales from Japan,6543
Jeff Cheung: Burn My Love,6550
Domestic Girlfriend,6550
Shi Xiong,6564
SAKUGAN,6568
Feixiang de Gezi,6570
CHAI: Aisou ze!,6571
Mushishi Zoku Shou: Odoro no Michi,6576
Francois CM: Cassis to Arles no Monogatari,6584
Crash!,6591
Hamtaro OVA 1: Hamtaro's Birthday! 3000 Hammy Steps in Search of Mommy,6594
Tokyo Mew Mew New,6599
TeddyLoid: Shooting Star,6617
Bokura Mangaka: Tokiwa-sou Monogatari,6618
Furiten-kun (1990),6636
Shiawase no Tokei,6637
Hell Teacher Nube: Gozen 0 Toki Nube Shisu,6639
Shomin Sample,6660
Bananya,6677
Youkai Watch Movie 6: Youkai Gakuen Y - Neko wa Hero ni Nareru ka,6687
perfume BVH import,6702
Kindaichi Shounen no Jikenbo (2007),6704
Shadowverse,6713
Long Zu,6726
Zhan Long Si Qu,6727
Mobile Suit Gundam Wing,6732
Nijiiro Love Letter,6739
Red Baron,6745
Hawaiian Rock'n Roll,6746
Yume ga Sameru made,6754
Pokemon XY Special: Road to Kalos,6771
Sore Ike! Anpanman: Horrorman to Hora Horako,6777
Himitsukessha Taka no Tsume Movie 3,6783
Sora ga Aketara,6785
Scryed,6787
World Trigger 2nd Season,6822
D.Gray-man Hallow,6823
www.Working!!,6824
REC,6824
Nora,6832
Yozakura Quartet: Tsuki ni Naku,6838
Dahuoji yu Gongzhu Qun,6843
Hoshi no Ko Chobin,6847
Yume Utsutsu (2010),6855
Crayon Shin-chan Gaiden: Omocha Wars,6858
Hao Gua Gua,6867
Ninku: Knife no Bohyou,6869
Ravex in Tezuka World,6872
Heybot!,6890
Hanamonogatari,6907
Eternal Alice,6914
Nissin Cup Noodles x Weathering With You,6927
Visions of Frank: Short Films by Japan's Most Audacious Animators,6931
Dragon Ball Super: FNS 27 Hour TV,6934
Otome Youkai Zakuro Picture Drama,6934
Higepiyo,6946
Urusei Yatsura Movie 4: Lum The Forever,6947
The World God Only Knows: Goddesses Arc,6950
GOUACHE: RED,6961
Mini Hama,6963
t+pazolite: Tobidase! TO THE COSMIC!!,6966
Extreme Escape Adventure: Good People Die,6980
Phantasy Star Online 2: Episode Oracle - Xiao's Report,6989
Armored Trooper Votoms: Alone Again,6992
Wo de Tian Jie Nuyou,6997
Sayounara Concert,7016
Major Movie: Yuujou no Winning Shot,7019
Yoh Kamiyama: Sugar Highway,7019
Kimi ni Todoke - From Me To You,7025
Pretty Guardian Sailor Moon Crystal,7026
Boku ga Ai Shita Subete no Kimi e,7029
Cyborg 009 vs Devilman,7030
matryoshka: Niedola,7033
Heart,7037
Shounen to Mahou no Robot,7041
Underdog,7042
Shounen Sunday CM: LOVe,7052
Deadman Wonderland,7064
Ran,7066
Jin Se De Da Yan,7067
It's My Life,7074
My Wife Is the Student Council President! OVA: Okusama Gekijou,7082
Kuiba Yao Xia Zhuan,7082
K: Seven Stories Movie 5 - Memory of Red ~BURN~,7101
Dawang Bu Gaoxing 2,7103
Hatachi no Ryouma with Kurofune-kun!,7111
Hyouga Senshi Gaislugger,7112
Jiutian Xing Dai Ni Wan Zhuan Xiqu,7119
Yorushika: Itte.,7123
Inaba no Kuni no Usagi-san,7125
Be-Bop Kaizokuban,7127
Mob Psycho 100 II,7130
Super Dimensional Fortress Macross II: Lovers Again,7131
Sonic: Night of the WereHog,7141
Each Other,7152
That Time I Got Reincarnated as a Slime Season 2,7159
Laughing Under the Clouds Gaiden: Movie 1,7176
Macross Frontier Deculture Edition,7181
The Defective,7194
BUCK-TICK x HAL,7201
TO-Y,7203
Fate/Extra CCC OP,7225
Assault Lily: Last Bullet Midsummer Escort Night Event PV,7237
amazarashi: Mudai,7244
Tori no Uta,7245
Fragtime,7256
Sengoku Choujuu Giga,7259
Kakuza Tousan,7264
Yamishibai: Japanese Ghost Stories 10th Season,7267
Cobra The Animation: The Psychogun,7275
Girls und Panzer Specials,7275
Kumo ni Noru,7281
Baka Mukashibanashi: Momotaro no Heya,7282
Cyberteam in Akihabara,7292
Galaxy Fraulein Yuna Returns,7293
Wanshou Yan Lixian Ji,7294
dMatsu-san,7295
Akai Hana Shiroi Hana,7299
Nontan to Issho,7301
Youkina Fuukei-tachi,7306
Fuuto PI,7307
Mobile Suit Gundam Wing: Frozen Teardrop Picture Drama - Aratanaru Tatakai,7310
Psycho-Pass SS: Case. 1 - Tsumi to Batsu,7310
Aikatsu! Nerawareta Mahou no Aikatsu Card,7325
Mushinin,7328
Mazinger Edition Z: The Impact!,7328
Shanguang Xiao Zongdui,7347
Keiichirou Shibuya & Hiroki Azuma: Initiation,7356
Beyond Creation,7357
Pinocchio-P: SLoWMoTIoN,7361
FAKE TYPE: BEELZEBUZ,7364
The Legend of Qin,7367
Green Legend Ran,7369
Azur Lane: Slow Ahead! Hokorashiki Bokou ni Shukusai wo,7371
Sengoku Night Blood: Ongaku Dai Tokushuu,7372
Da Hu Fa,7374
Darker than Black,7374
Daddy Long Legs,7374
Daifuku-kun @ Kin Tele,7382
Galaxy Express 999: Can You Live Like A Warrior?,7384
Ali Baba to 40-hiki no Touzoku,7392
Kano: Haru ni Ochite,7395
Kurage no Shokudou,7407
Saiyuki Gaiden: Tokubetsu-hen - Kouga no Shou,7419
In Search of Axis,7425
Yatogame-chan Kansatsu Nikki,7428
Working!!! Lord of the Takanashi,7436
Uchikubi Gokumon Doukoukai: Futon no Naka kara Detakunai,7436
Mobile Suit Gundam: Hathaway's Flash III,7441
Puchimas! Petit [email protected] OVA,7456
Xue Yu Xin,7481
Tensai Bakabon,7488
Daimaju Gekito Hagane no Oni,7501
Schick x Evangelion,7507
Turning Mecard W Movie: Black Mirror ui Buhwal,7509
Thunderbolt Fantasy 3,7526
Teekyuu 8,7529
Seraph of the End Specials,7531
Shi Wan Ge Leng Xiaohua Movie 2,7535
Pleasant Goat and Big Big Wolf Movie 3: Moon Castle - The Space Adventure,7552
"Oyaji no, Imo no Kamisama.",7552
Speed Grapher,7553
Mobile Suit Gundam 0080: War in the Pocket,7562
Taberu Hitotachi,7565
Niji-iro Prism Girl,7571
Macross Frontier: Sayonara no Tsubasa - the end of triangle,7571
Hetalia: Axis Powers Fan Disc,7582
Fate/Grand Order: Epic of Remnant Pseudo - Singularity II Event PV,7588
Doraemon Movie 30: Nobita's Great Mermaid Naval Battle,7589
Girls und Panzer: Saishuushou 2,7589
Tekkaman Blade: Nagaki Tatakai no Jokyoku,7589
Vampire Holmes,7597
Mitchiri Wanko! Anima~tion,7598
t7s Longing for summer Again And Again: Harukaze,7602
Mo Di Qiyu Ji,7602
Star Fox Zero: The Battle Begins,7608
Star Blazers: The Quest for Iscandar,7612
Kenshi Yonezu: Suna no Wakusei,7614
Bouro no Uta,7614
Sabu to Ichi Torimono Hikae,7617
Guin Saga,7627
Armitage III Poly-Matrix,7632
Zunda Horizon,7640
A Certain Scientific Accelerator,7649
FAKE TYPE. Tsuki,7654
Mushi no Tsubuyaki,7662
The Ones Within,7669
Xiao Tu Tao Tao De Gushi: Bu Pa Leng De Da Yi,7671
Ball yo Doko e Yuku,7675
Ze Tian Ji 5th Season,7685
Maido! Urayasu Tekkin Kazoku,7695
Cigarettes and Ashes,7696
Xue Ying Lingzhu Zhi Qiyu Pian,7731
SofyRuby,7732
Midnight Crazy Trail,7733
JRA x Gudetama,7737
22/7: 8+3=?,7738
Manga Mitokoumon,7738
Yamakagashi,7741
mothy: Nanatsu no Tsumi to Batsu,7743
MonHun Nikki Girigiri Airu Mura G,7748
Kaguya-sama: Love is War - Ultra Romantic,7761
From Up on Poppy Hill,7767
in the blue shirt: Cluster A,7769
Blue Seed 1.5,7772
Ultraman: Chou Toushi Gekiden - Suisei Senjin Tsuifon Toujou,7776
High School DxD Hero: Holiness Behind the Gym,7794
Photon: The Idiot Adventures,7797
Wish upon a Snowdrop,7799
The Weathering Continent,7818
Holy Knight Light,7823
Pittarazu Manner Movie CM,7823
Evangelion: 2.0 You Can (Not) Advance,7836
Bakusou Circuit Roman Twin,7836
.hack//Quantum,7854
Riku wa Yowakunai,7859
Full Metal Panic! Invisible Victory,7860
Chie the Brat,7865
Ore-sama Kingdom,7867
High Card,7871
Bludgeoning Angel Dokuro-chan,7872
Essential Free & Easy Cool Wax Danshi,7877
House of Five Leaves,7879
Rokushin Gattai God Mars Juunanasai no Densetsu,7881
ColoColo Animal Otogibanashi,7882
Resident Evil 4D Executor,7886
Xiong Chu Mo Movie 8: Yuanshi Shidai,7893
Aimer: Yuki no Furu Machi,7900
Genki!! Ekoda-chan,7904
Sugar Bunnies Fleur Specials,7910
Xiao Xiong De Lu Xing,7919
SHAREDOL Pilot,7928
Appleseed Alpha,7928
Shuukan Shimakou,7937
Nodame Cantabile: Paris,7937
Amaryllis,7938
Anisava,7947
Onaka no Ookina Ouji-sama,7951
Peace Maker Kurogane,7951
OSTER project: Kujira Rider,7953
Pokemon 3D Adventure: Find Mew!,7961
Akai Hayate,7972
Tamayura: Hitotose,7981
Tatakae! Dokan-kun: Gekitou-kun,7991
Hetalia: The Beautiful World,7997
Drifters: Kokuou-sama Goranshin OVA,8000
LINE,8025
Magical Sisters Yoyo & Nene,8035
Shachiku-san wa Youjo Yuurei ni Iyasaretai.,8055
Youjo Shenki Episode 0,8060
Hanamaru Koutsuu Anzen,8065
Cardfight!! Vanguard: Legion Mate,8070
El-Hazard: The Alternative World,8081
Lupin III: Farewell to Nostradamus,8082
Mobile Suit SD Gundam Mk I,8083
Boukyaku Battery: Jump Festa 2020 Special,8087
Yorugao,8093
Ghost in the Shell: Stand Alone Complex 2nd Gig,8101
The Eccentric Family 2,8108
Ichirin-Sha,8112
Project A-Ko 4: Final,8114
Kawa wa Dare no Mono?,8134
Yasuyuki Okamura: Viva Namida,8134
Ninja Scroll,8135
Ten Made Tobaso,8142
Six Angels,8166
Hanjawang Jumong,8168
nhhmbase: Parasol Life,8168
Tales of HR,8179
Toaru Kagaku no Railgun: Entenka no Satsuei Model mo Raku Ja Arimasen wa ne,8181
Love of Kemeko,8188
Maria Watches Over Us Season 4 Specials,8192
Youkai Ningen Bem (2006),8221
Glass Mask,8232
Wish Upon the Pleiades: Manner Movie,8237
Fenghuang Ji Xiang Yu Qingming Shanghe Tu,8246
Koeda-chan,8247
Mobile Suit Gundam Wing: Endless Waltz Movie,8257
Kappa no Kui Kuo Kua,8257
DOGEZA: I Tried Asking While Kowtowing. Isekai-hen,8263
Magical Girl Ore,8273
GREAT3: Haiku,8276
Dimension High School,8289
Deadman Wonderland: The Red Knife Wielder,8294
Enya-Sang: Sayonara Nyuunanzai,8296
009 Re:Cyborg,8299
Xiongshi Shaonian,8301
Kyuumei Senshi Nanosaver,8303
Onmyou Hyakki Monogatari,8305
Yumeiro Pâtissière,8310
Kono Hoshi no Ue ni,8312
Mafumafu: Jigsaw Puzzle,8315
Beast Wars II Chou Seimeitai Transformers Movie,8317
Mr. Osomatsu: Virgin Hero,8319
Pororo the Little Penguin 5,8325
Mafumafu & Soraru: Anti-Clockwise,8338
White Fantasy,8344
Ed Sheeran: Supermarket Flowers,8345
Groizer X,8349
High School DxD Specials,8349
Cao Yuan Ying Xiong Xiao Jie Mei,8352
"The Garden of Sinners Movie 3: Ever Cry, Never Life. (Remaining Sense of Pain)",8353
Neo Angelique Abyss: Second Age,8358
Gall Force 2: Destruction,8359
Diary of Our Days at the Breakwater,8369
Pikotarou no Lullaby Lu-llaby,8373
Zou no Senaka: Tabi-Datsu Hi,8378
Hashire! Shiroi Ookami,8379
Xie Wang Zhui Qi Zhi Yishi Qingcheng,8399
The Guardian Brothers,8399
Spelunker Sensei,8405
The Troubled Life of Miss Kotoura,8430
Kekkaishi: Yoshimori no Omoi,8434
Rilu Rilu Fairilu: Mahou no Kagami,8436
Duel Masters,8438
Macross Frontier,8447
Senran Kagura: Shinovi Master,8451
Cannon Busters,8461
Ore wa Teppei,8467
Ozanari Dungeon,8472
JoJo's Bizarre Adventure: Golden Wind Recaps,8474
Kemono Michi: Rise Up,8492
Schoolgirl Strikers: Animation Channel,8497
"Letchu, Getchu, Saru Getchu Episode 0",8500
Kaze wo Nuke!,8501
Ding Ding Zhan Hou Wang,8519
Vegetable Fairies N.Y.SALAD Movie,8523
Hakuouki: Dawn of the Shinsengumi Tokuten Disc,8526
Yichan Xiao Heshang,8527
Revolutionary Girl Utena,8537
Ao-chan Can't Study!,8538
Mai Zhu,8542
Shaman King Mini Anime: Funbari Onsen Hanjouki,8543
O-bake no... Holly,8545
Bakusou Kyoudai Let's & Go!! MAX,8556
Kabushiki Kaisha Zoo,8564
Chio's School Road,8567
Arcade Gamer Fubuki,8574
Osaru no Sankichi: Boukuusen,8576
Tegami Bachi: Letter Bee,8583
Komori-san Can't Decline!: Info Corner,8601
Irodorimidori: Dokidoki Dream!!!,8608
Deep Love,8615
Typhoon Noruda,8622
Long Riders! Recap,8624
C³,8626
Doubutsu Sumo Taikai,8631
Time Autobahn,8632
Area 88,8642
Xiaodou Pai Pai: Qingshang Pei You,8661
Tamagotchi! Tamatomo Daishuu GO,8664
Yorushika: Parade,8670
Meitounao He Bugaoxing TV,8675
Eun-sil-i,8679
Nejishiki: Koibitomodachi,8685
Winner,8687
Yatterman: Shin Yattermecha Osu gou! Omocha no Kuni de Dai Ketsudan da Koron!,8694
Psycho Nyanya,8699
Battle Spirits: Heroes,8701
Sorcerous Stabber Orphen,8702
Red Colored Bridge,8707
Warlords of Sigrdrifa: Battle Records of the 909th Valkyrie Wing!,8712
Dou Long Zhanshi 2,8712
Xiyue Qi Tong,8715
Kurau: Phantom Memory,8723
Nantokashite Alguard,8724
Psycho Armor Govarian,8736
Daaree,8744
Symphogear AXZ,8751
Anata no Katagoshi Chotto Ue,8753
Norakuro Nitouhei: Kyouren no Maki,8758
Arashi no Yoru ni: Himitsu no Tomodachi,8761
Shiina Natsukawa: No.1,8764
Kuaile Meng Duo Duo,8768
Naruto Shippuden,8775
Dubu Xinghai,8814
Baka and Test - Summon the Beasts Mini Anime,8825
Dead Girls,8826
Love Live! School Idol Project OVA,8828
Mahou no Pen,8828
Himouto! Umaru-chan OVA,8837
Shigofumi,8844
Dou Po Cangqiong Q Ban Xiao Juchang 2nd Season,8856
Space Battleship Yamato: Resurrection,8858
Hatena Illusion,8861
Mao Mi De Hu Zi,8866
DECO*27: Nocturnal Kids,8868
Tekkaman Blade,8873
Komatta Jii-san,8879
Kiss Dum: Engage Planet,8880
Let’s Just Get It Started,8883
Chibi Devi!,8885
Samurai Giants,8896
Koi Koi Seven,8897
Fate/kaleid Liner Prisma Illya 2wei Herz! Specials,8898
Taeko no Nichijou,8900
Douluo Dalu,8908
Zhang Zai Wu Li De Zhu Sun,8914
Ishifuro: Ryuu no Tani to Taiyou no Toride,8916
Dir En Grey: Rinkaku,8931
Hokuro Kyodai Full Throttle!!!!,8934
Mayuge Dance,8946
Fate/Grand Order: All In! Las Vegas Championship Match: Seven Duels of Swordbeauties! Event PV,8961
I Can’t Understand What My Husband Is Saying: 2nd Thread,8963
I Love Sky,8965
Mafumafu & Soraru: Kaidokufunou,8969
Ichiban Chikakute Tooi Hoshi,8972
Blood Blockade Battlefront: Even These Are the Worst and Best Days Ever,8986
Fairy Ngoo,8991
Xie Wang Zhui Qi,9001
Zannen na Ikimono no Jiten (2021),9004
The World God Only Knows: Magical Star Kanon 100%,9007
Tsuru no Ongaeshi,9014
Tales of Symphonia the Animation: The United World Episode,9019
All That Gundam,9020
Mickey to Oliver no Agent Yousei Kouza,9021
Shikong Long Qishi,9026
The Great Rabbit,9032
Xiyue Qi Tong (2006),9033
Rabbit Tailor,9041
Date A Bullet: Dead or Bullet,9041
The Garden of Sinners: Recalled Out Summer - Manner Movie,9041
Pinky Street,9041
Hato no Uta,9041
Cara to Otamajakushi Shima,9042
Ba La La Xiao Mo Xian Zhi: Mofa Hai Ying Bao,9045
Fafner: The Beyond,9049
Amazing Nuts!,9054
Junk Town,9054
Future Boy Conan,9056
DECO*27: DECOUSTIC,9058
Sakura Wars: Sumire,9060
Those Who Hunt Elves II,9073
"Katri, Girl of the Meadows",9075
Sekai Meisaku Douwa Series: Wow! Maerchen Oukoku,9083
Kick Off 2002,9084
Aggretsuko 5,9096
Yuusei Kamen,9105
Kaitou Lupin: 813 no Nazo,9107
Kobo-chan: Aki ga Ippai,9109
Kuro ga Ita Natsu,9112
DECO*27: Otome Kaibou,9114
Natsu wo Yarinaosu,9118
Tomoyo,9131
Kirameki Project,9134
We Never Learn,9134
GREAT3: Devil's Organ,9144
Super Robot Wars OG: Divine Wars,9145
Welcome to Pia Carrot 2 DX,9145
The Diary of a Crazed Family,9154
Delete Beach,9154
Yukai na Mezamashi Tokei,9157
Yuki,9157
Divergence Eve: Misaki Chronicles,9159
Pokemon: Pikachu and Pichu,9172
Seraph of the End: The Beginning of the End,9183
Mafumafu: Handicap,9190
Ojamanga Yamada-kun,9202
"Sound! Euphonium: Ready, Set, Monaka",9203
Bakuman. 2,9207
Kaakaa Karasu no Kanzaburou,9221
DECO*27: Fakery Tale,9230
Magical Angel Creamy Mami: Curtain Call,9233
Girl X,9237
Joker 2,9237
Lovely Idol,9250
Gosenzo-sama Banbanzai!,9252
Lupin III Special 9: Island of Assassins,9272
Tomodachi Game,9304
Crayon Shin-chan x Panpaka Pants: Aeon Cinema Manner Movie Collab,9304
Hero Mask: Part II,9307
Pocari Sweat CM: Ase Kakou,9319
Lan Mo de Hua,9322
Naisho no Tsubomi,9326
Nem: virgin suicides,9329
Armored Dragon Legend Villgust,9333
Heaven's Lost Property,9333
Koi wa Elevator,9337
KINMOZA!,9337
King's Game,9354
Stitch! Challenge From Piko,9357
Talentless Nana Mini Anime,9357
The Super Milk-chan Show,9376
Nozoki Ana,9379
Frame Arms: A Violent Struggle,9380
A Dark Rabbit Has Seven Lives Picture Drama,9386
Fox Spirit Matchmaker Season 7,9409
Memories Off,9423
Luo Xiaohei Zhan Ji: Zhongsheng Zhi Men,9430
Monkateu,9451
The Ancient Magus' Bride: School Arc PV,9454
Roco Kingdom Movie 3,9460
Rio: Rainbow Gate!,9475
Fairy Tail x Mameshiba,9479
Manga,9481
Studio Khara vs. CyberConnect2 Gachinko! Animation Taiketsu!,9481
Mndsgn: Alluptoyou,9487
Chiaki Maruyama: Boukentai - Mori no Yuusha,9487
Zettai Shounen,9488
Black Rock Shooter: Dawn Fall,9488
Sorcerer Hunters OVA,9496
The [email protected] SideM: Wake Atte Mini!,9498
Ensemble Stars! Picture Drama,9503
Gasaraki,9507
Mitchie M: Suki! Yuki! Maji Magic,9508
Neru: Jailbreak,9509
Okaa-chan Gomen ne,9513
Quanzhi Fashi III,9520
Pharrell Williams: It Girl,9522
Arigatou Kumanofu,9531
My Teen Romantic Comedy SNAFU Climax,9537
Forest Fairy Five,9540
Astro Boy (1963),9567
Bakuon!! no Kobeya,9571
The Legend of Heroes: Trails of Cold Steel,9578
Kill Bill Chapter 3: The Origin of O-Ren,9583
Gintama: Jump Festa 2008,9591
Li Shi,9606
Good Morning Call,9606
InuYasha The Movie 2: The Castle Beyond the Looking Glass,9611
Hanasaku Iroha: Home Sweet Home,9614
Make My Day,9618
My Neighbor Totoro,9620
Ranma 1/2 Nettou Uta Gassen,9625
GeGeGe no Kitarou: Kitarou no Yuurei Densha,9635
"Omoi, Omoware, Furi, Furare",9640
Kitte no Nai Okurimono,9648
Lie Yang Tiandao II,9652
Osomatsu-kun (1988),9661
Kowasugimasu,9668
Galaxy Express 999: Glass no Clair,9673
Chie-chan Funsenki: Jarinko Chie,9682
Gankutsuou: The Count of Monte Cristo,9685
Jin: Kagerou Daze,9705
phatmans after school: 7-kakan,9712
Shisha no Sho,9726
Mamimume Mogacho,9726
Mob Psycho 100 Reigen: The Miraculous Unknown Psychic,9731
Koi Suru Tenshi Angelique: Kagayaki no Ashita - Chibi Character Adventure,9734
Examurai Sengoku,9735
Manga Furusato Mukashibanashi,9735
Amanchu! Upyopyo Dive Tsukkome! Umi no Sekai!,9750
World Fool News (2013),9753
Keina Suda: Amador,9759
Ganso Banana no Tamashii,9763
tio: Sun,9764
Fafner: Right of Left,9778
Ben-To Picture Drama,9780
Natsume Yuujinchou: Itsuka Yuki no Hi ni,9786
Futaridaka,9789
Strange Love,9794
Inko Colors 2,9813
Shadow Fighter,9814
Beyblade Burst Surge,9818
Tales of Eternia,9819
Apache Yakyuugun,9823
Chuanyue Yunnan Sanqiannian: Yun Xiao Zhi Man Youji,9826
Don't Cry,9835
Zo Zo Zombie (2017),9841
Lady Georgie,9854
Thunderbirds 2086,9854
Humanity Has Declined,9859
Lupin III: Legend of the Gold of Babylon,9870
Sanguo Yanyi 2nd Season: Zhulu Zhongyuan,9871
Beyond the Boundary: Idol Trial!,9871
Yume no Mahou,9873
Rilakkuma: Korilakkuma Cat,9876
Pita-Ten,9893
FAKE TYPE: Mister Jewel Box,9900
"Oh, Suddenly Egyptian God 2nd Season",9908
Alien Defender Geo-Armor: Kishin Corps,9908
Kill Me Baby OVA,9911
Origami Ninja Koyankinte,9918
Sante FX x One Piece,9919
Hunter x Hunter: Phantom Rouge,9926
By the Grace of the Gods 2,9931
Xiong Chu Mo Season 6: Xiari Lian Lian Kan,9937
Pokemon Movie 14: Black - Victini and Reshiram,9957
Akira (New),9966
Yume Miru Koneko,9968
Roselia: Black Shout,9975
Majikoi: Oh! Samurai Girls!,9980
Ai no Wakakusa Yama Monogatari,9984
Neko no Niagho,9986
Nekomonogatari (Black),9994
Detective Conan: Let's Try a Curious Experiment!,9995
Alice in City Roaming,9995
