Master Keaton OVA,1103
Himitsu no Akko-chan 2,1122
Futsal Boys!!!!!,1170
Kakusansei Million Arthur OP,1179
Günther,1185
Utakoi,1188
Qin Shi Mingyue: Tian Xing Jiu Ge,1190
Suzy's Zoo Daisuki! Witzy,1207
Kupu~!! Mamegoma!,1211
Sayonara Ponytail: Hikaru machi e,1231
Gakuen Basara: Samurai High School,1240
40-Shuunen da yo! Coro Coro All-Star Shougakkou,1243
Gargoyle of the Yoshinagas,1244
Dragon Ball Movie 2: Sleeping Princess in Devil's Castle,1274
Panpaka Pants O New-san,1274
Mobile Suit Gundam: Hathaway's Flash II,1300
Yurumates (2012),1309
Spookiz Season 3,1320
Housenka,1321
A Little Princess Sara,1332
Kyuutai Panic Adventure Returns!,1363
Wan Shen Ji,1398
Sound Horizon: Yodaka no Hoshi,1404
Sakura Wars: The Movie,1443
Nanocore 2016 Xinnian Tebie Ban,1461
NINO & Evan Call: Jyou Jyou,1469
Thermae Romae,1479
Shin Skyers 5,1484
Tako ni Natta Okaasan,1488
Calligraffiti,1494
Living with Garfield,1503
Nakoruru,1524
Romeo x Juliet,1559
Zhong Zhiyang 8mm Donghua,1560
Pinch to Punch,1589
Megaton Musashi 2nd Season,1631
Kairaku no Sono,1635
Kidou Shinsengumi Moeyo Ken,1687
PES: Peace Eco Smile,1702
Ling Jian Zun 4th Season,1709
Transformers: Armada,1711
Tian Tian Hao Haizi,1746
The Kabocha Wine,1747
Sound of the Sky,1754
Overlord IV,1769
Basilisk: The Ouka Ninja Scrolls,1809
Otoko to Onna to Inu,1833
Hime-sama Goyoujin,1886
KY-kei JC Kuuki-chan,1918
Aria the Crepuscolo,1923
The Seven Deadly Sins: Revival of the Commandments OVA,1929
Zombie Land Saga,1934
Encouragement of Climb Special,1966
Yamaki x Taka no Tsume: Katsuobushi Kezutte Kezutte Daisakusen,1967
Ken-chan,1974
newspaper,1985
Nozo x Kimi,2052
Rockeppe,2052
Dragon Quest: Dai no Daibouken - Tachiagare!! Avan no Shito,2055
Ashita no Kibou: Kanashimi yo Arigatou - Takae Tsuneo Monogatari,2084
The Testament of Sister New Devil DEPARTURES,2088
Ado: Yoru no Pierrot (360° ver.),2098
Ayane's High Kick,2126
Ulysses 31,2141
Diamond Daydreams Special,2141
Jubilee,2143
Fate/stay night: Unlimited Blade Works 2 - Sunny Day,2168
Shining Tears X Wind,2171
Buddha Saitan,2179
Pi Pi Lixian Ji,2181
Taisei Kensetsu: Bosporus Kaikyou Tunnel,2185
Saint Seiya: The Lost Canvas - Meiou Shinwa,2186
Bosco Adventure,2189
One Piece: Cry Heart,2196
Kyoro-chan,2209
CocoaSigarette-P: Tsuki Tabi,2216
Peach Boy Riverside,2222
Roujin Z,2232
KonoSuba – God’s blessing on this wonderful world! 2 OVA,2234
Namae... Sore wa Moeru Inochi,2280
Higanjima X,2319
Boarding School Juliet,2339
Eguchi Hisashi no Nantoka Narudesho!,2342
Youkai Watch: Shadow Side,2342
Kuragehime Specials,2395
Inishie no Megami to Houseki no Ite,2399
Meitantei Rascal,2412
Peeping Life x Beppu City Collaboration,2413
Asunal Kanayama,2418
A Certain Scientific Railgun S: All the Important Things I Learned in a Bathhouse,2452
Miao Xian Sheng,2459
HoneyWorks: Kawaiku Naritai,2468
Haiyoru! Nyaru-ani: Remember My Love(craft-sensei),2474
100-nichikan Ikita Wani,2482
Television,2521
Pinocchio-P: Secret HIMITSU,2558
Amanatsu,2595
Calm,2616
Miniforce,2651
Future Diary: Ura Mirai Nikki,2674
Triton of the Sea (1979),2683
Tantei Opera Milky Holmes: Psycho no Aisatsu,2715
Nansensu Monogatari Daiichi-hen: Sarugashima,2717
Yinhe Zhi Xin,2721
Tarzan,2744
Toshokan Sensou: Kakumei no Tsubasa,2751
Pokemon: The Origin,2765
Guai Laotou Er,2766
Johnson x Taka no Tsume: Tatakae! Jokin Shitennou,2779
Orange -Mirai-,2787
Anime Roukyoku Kikou Shimizu no Jirochouden,2800
Zhu Zhu Xia: Wu Ling Shou Wei Zhe,2801
Quiz Magic Academy: The Original Animation 2,2811
High School DxD BorN Specials,2845
Neo Angelique Abyss,2847
Shouri Toushu,2866
Dr. Slump Movie 3: The Great Race Around the World,2889
Kkumui Wangguk Sofy Ruby,2906
Rakshasa Street 2nd Season: Part II,2928
Battle of Clay (2019),2938
Pleasant Goat and Big Big Wolf: Everyday Pleasant Goat,2941
Super Dimensional Fortress Macross II: The Movie,2949
Negima!?,3026
Chogattai Majutsu Robot Ginguiser,3026
Usagi no Matthew,3041
Powder: New Tribe,3064
Glass Fleet,3075
Rainbow Sea 3rd Season,3126
Super Robot Wars OG: The Inspector,3148
Chiisana Tegami,3181
Funny Animal Bus 2nd Season,3254
The [email protected]: Cinderella Girls Theater Climax Season,3295
Baka and Test - Summon the Beasts OVA: Sentakushi Ikou nomi,3303
Delinquent Hamsters 2,3343
Hato Poppoppo,3346
Bakuhatsu Goro,3351
Ace of the Diamond: Second Season,3446
Oshare Majo Love and Berry: Shiawase no Mahou,3493
Detective Conan: The Culprit Hanazawa,3494
Yu Yu Hakusho,3505
Yu Yu Hakusho: Mu Mu Hakusho,3557
Clannad,3565
Mon Colle Knights,3599
Din Dong,3681
Oz no Mahou Tsukai Movie,3698
Dr. Slump Movie 7: Arale-chan N-cha! Pengin-mura yori Ai wo komete,3702
Animation Runner Kuromi,3703
Konpora Kid,3719
Girls Jockey Special,3728
Mole Zhuang Yuan 3: Mohuan Lieche Da Maoxian,3738
Saint Seiya: Soushuuhen,3746
Fist of the North Star: Legend of Yuria,3747
Yuyoyuppe: Leia,3766
Project A-Ko 3: Cinderella Rhapsody,3795
Is the Order a Rabbit?? ~Sing For You~,3802
Ousama no Takaramono,3827
Tenamonya Voyagers,3847
Sayonara Zetsubou Sensei Jo: Zoku Zetsubou Shoujo Senshuu,3852
"Moshi Moshi, Terumi desu.",3867
Gensei Shugoshin P-hyoro Ikka OVA,3880
Alice in Borderland CM,3903
Captain Future: Kareinaru Taiyokei Race,3907
Squid Introspection,3931
Q Transformers: Kaette Kita Convoy no Nazo,3947
Zongyou Yaoguai Xiang Hai Zhen,3947
Hi-sCool! Seha Girls Special,3989
"You're Being Summoned, Azazel Z",3994
Sushi and Beyond,4016
Please Twins: The Summer Never Ends,4018
"Neru: Kodama, Hekikai, Nayuta wo Misadamu Aglaophonos no Shihen",4045
The King of Fighters: Destiny,4078
Nike SB x Mobile Suit Gundam Unicorn,4087
Gu Xiong,4099
Natsufuku no Shoujotachi,4122
Aoao Dai Bu,4127
Date a Live Movie: Mayuri Judgement,4141
Keina Suda: Red,4141
Powapowa-P: Strobe Light,4151
Angel Links,4151
Kariage-kun,4179
Schwarzesmarken,4180
Code Geass: Lelouch of the Rebellion R2 Picture Drama - Last Moratorium,4188
Pecola,4194
Xiao Ta Lixian Ji: Jiyi Senlin,4224
Ring of Gundam,4232
Go! Princess Pretty Cure,4251
Baja's Studio: Baja and the Sea,4283
Akagaki Genzou: Tokuri no Wakare,4339
Mysteria Friends,4342
Sword Gai: The Animation Part II,4352
Otohime Connection,4368
Eternal Alice: Eikyuu Alice Rondo - Extra Song,4378
Alderamin on the Sky,4394
Detective Conan: Amuro Secret Call,4468
The Seven Heavenly Virtues,4471
RoboMasters The Animated Series,4473
Kono Oto Tomare! 2nd Season,4475
Your Gay Thoughts: To Disappear,4525
Mogu&Perol,4581
Wolf Girl and Black Prince Recap,4605
His and Her Circumstances,4634
Komaneko’s Christmas: The Lost Gift,4639
Zetman,4678
Panpan no Tou: Ongaku wa Tomatta,4684
Battle Spirits: Kakumei no Galette,4685
Fate/Grand Order: Moonlight/Lostroom,4687
The Elder Sister-Like One,4700
Akane Aki: FlashBack,4712
Orbital Era,4717
Hyakko Extra,4724
Space Battleship Tiramisu Zwei,4733
Oni Girl!! x Mameshiba,4742
Miss Monochrome: Watashi dake no Monogatari,4774
Infinity Nado 2,4822
Fanren Xiu Xian Chuan,4829
X-Men,4829
Crayon Shin-chan Movie 8: Arashi wo Yobu Jungle,4829
Xiao Cangshu Di Di de Chi Bo Richang,4833
Penguin no Mondai,4837
The Spirits of Cairn,4841
Akagi,4853
Ganbare! Bokura no Hit and Run,4863
White Snake,4875
Ba La La Xiao Mo Xian Zhi: Meng Huan Xuan Lu,4903
Yowamushi Pedal: Re:RIDE,4908
Kaeru San Yuushi,4941
Kirakira Kirari☆,4963
Battle Girl High School,4981
No Game No Life Specials,4996
Naita Aka Oni,5016
Kiss x Sis,5021
Tokyo 7th Sisters: TRIGGER / Fire and Rose,5033
Nihon no Otogibanashi,5036
Super Dimension Century Orguss,5071
Umineko: When They Cry Specials,5085
City Hunter: Ryou no Propose,5086
My Hero Academia - All Might: Rising The Animation,5115
"Mori no Kuma-san, Toumin-chuu.",5156
Kiss Kiss Kiss,5161
Tamagotchi! Miracle Friends,5164
Shi Ye Miao Yin,5184
Qi Niu Nan Xia,5185
Legends of the Dark King: A Fist of the North Star Story,5213
CLIMBER,5217
Hello Kitty no Ou-sama no Mimi wa Roba no Mimi,5235
Xinghe Zhizun 2nd Season,5253
The Little Mermaid: Attack of the Pirates,5277
Gushi Xiao Hao Shou,5285
A Wind Named Amnesia,5324
Unko-san: Tsuiteru Hito ni Shika Mienai Yousei,5329
Akazukin to Kenkou,5343
Girls und Panzer der Film: Akiyama Yukari no Sensha Kouza,5362
Rebirth Moon Divergence,5383
Metropolitan Museum,5403
Disney: Twisted-Wonderland 1-shuunen Kinen PV,5430
Momo Kyun Sword,5431
Valvrave the Liberator,5434
ReLIFE,5446
(K)NoW_NAME: Knew day,5461
Xiong Bing Lian 3,5469
Amnesia,5572
Kobutori,5580
Kochira Katsushikaku Kameari Kouenmae Hashutsujo (Shinsaku),5607
Yume no Majutsushi,5618
Nerima Daikon Brothers,5621
Ore no Sora Keiji-hen,5650
The Lost Village,5695
Ongaku Sekai Ryokou,5733
Sakura Wars: Ecole de Paris,5772
Hiiragi Kirai: Eureka,5775
Nem: Kaitou Peter & Jenny,5820
Classroom☆Crisis,5827
Chronos Ruler,5847
Reikenzan: Eichi e no Shikaku,5860
Baoxiao Haha Zhen,5861
Chargeman Ken!,5869
Super Robot Wars OG: Divine Wars - Separate Paths,5881
Honobono Log,5915
Nineko Gelee,5940
SK8 the Infinity (New),5979
Pokemon Black Version 2 and White Version 2,6058
Tsukiuta. The Animation,6070
Pleasant Goat and Big Big Wolf: Mighty Little Defenders,6071
Shita-kiri Suzume,6072
Kinnikuman Movie 5: Haresugata! Seigi Choujin,6075
Hetalia: World Series Extra Episodes,6095
Neru: Sekai wo Kowashite Iru,6122
Arcade Gamer Fubuki Special,6131
Benkei and Ushiwakamaru,6186
The Mysterious Cities of Gold,6258
Mahoutsukai Haley no Speed Story,6316
Choujin Sentai Baratack,6352
Orphen Revenge,6375
Fei Zhi Baike: Yuanlai Ni Shi Zheyang de Zhiwu 2nd Season,6384
Sheep in the Island,6389
Kenshi Yonezu: Musunde Hiraite Rasetsu to Mukuro,6406
Bakusou Kyoudai Let's & Go!! WGP,6424
Super Street Fighter IV,6429
Fate/Grand Order x Himuro no Tenchi: 7-nin no Saikyou Ijin-hen,6443
Vampillia: Mirror Mirror (bombs BiS),6450
Meimon! Daisan Yakyuubu,6480
Irodorimidori: Spicy Swingy Style,6496
Yawara! Special: Zutto Kimi no Koto ga,6497
Charlotte Special,6506
Folktales from Japan,6543
Mushishi Zoku Shou: Odoro no Michi,6576
Francois CM: Cassis to Arles no Monogatari,6584
Hamtaro OVA 1: Hamtaro's Birthday! 3000 Hammy Steps in Search of Mommy,6594
Tokyo Mew Mew New,6599
Hell Teacher Nube: Gozen 0 Toki Nube Shisu,6639
Youkai Watch Movie 6: Youkai Gakuen Y - Neko wa Hero ni Nareru ka,6687
perfume BVH import,6702
Long Zu,6726
Hawaiian Rock'n Roll,6746
Pokemon XY Special: Road to Kalos,6771
Sora ga Aketara,6785
Scryed,6787
www.Working!!,6824
Hao Gua Gua,6867
Eternal Alice,6914
Visions of Frank: Short Films by Japan's Most Audacious Animators,6931
Dragon Ball Super: FNS 27 Hour TV,6934
Urusei Yatsura Movie 4: Lum The Forever,6947
Extreme Escape Adventure: Good People Die,6980
Armored Trooper Votoms: Alone Again,6992
Wo de Tian Jie Nuyou,6997
Yoh Kamiyama: Sugar Highway,7019
Major Movie: Yuujou no Winning Shot,7019
Pretty Guardian Sailor Moon Crystal,7026
Boku ga Ai Shita Subete no Kimi e,7029
Heart,7037
Ran,7066
Jin Se De Da Yan,7067
My Wife Is the Student Council President! OVA: Okusama Gekijou,7082
K: Seven Stories Movie 5 - Memory of Red ~BURN~,7101
Mob Psycho 100 II,7130
That Time I Got Reincarnated as a Slime Season 2,7159
BUCK-TICK x HAL,7201
Assault Lily: Last Bullet Midsummer Escort Night Event PV,7237
Kakuza Tousan,7264
Baka Mukashibanashi: Momotaro no Heya,7282
Cyberteam in Akihabara,7292
dMatsu-san,7295
Akai Hana Shiroi Hana,7299
Mobile Suit Gundam Wing: Frozen Teardrop Picture Drama - Aratanaru Tatakai,7310
Psycho-Pass SS: Case. 1 - Tsumi to Batsu,7310
Mazinger Edition Z: The Impact!,7328
Mushinin,7328
Shanguang Xiao Zongdui,7347
FAKE TYPE: BEELZEBUZ,7364
Da Hu Fa,7374
Darker than Black,7374
Daifuku-kun @ Kin Tele,7382
Galaxy Express 999: Can You Live Like A Warrior?,7384
Kano: Haru ni Ochite,7395
Saiyuki Gaiden: Tokubetsu-hen - Kouga no Shou,7419
Schick x Evangelion,7507
Seraph of the End Specials,7531
Pleasant Goat and Big Big Wolf Movie 3: Moon Castle - The Space Adventure,7552
Taberu Hitotachi,7565
Niji-iro Prism Girl,7571
Doraemon Movie 30: Nobita's Great Mermaid Naval Battle,7589
Girls und Panzer: Saishuushou 2,7589
Kenshi Yonezu: Suna no Wakusei,7614
Sabu to Ichi Torimono Hikae,7617
FAKE TYPE. Tsuki,7654
The Ones Within,7669
Maido! Urayasu Tekkin Kazoku,7695
Cigarettes and Ashes,7696
Xue Ying Lingzhu Zhi Qiyu Pian,7731
Midnight Crazy Trail,7733
22/7: 8+3=?,7738
Yamakagashi,7741
Kaguya-sama: Love is War - Ultra Romantic,7761
Blue Seed 1.5,7772
Ultraman: Chou Toushi Gekiden - Suisei Senjin Tsuifon Toujou,7776
Riku wa Yowakunai,7859
House of Five Leaves,7879
Xiong Chu Mo Movie 8: Yuanshi Shidai,7893
Sugar Bunnies Fleur Specials,7910
Shuukan Shimakou,7937
Onaka no Ookina Ouji-sama,7951
OSTER project: Kujira Rider,7953
Tatakae! Dokan-kun: Gekitou-kun,7991
Magical Sisters Yoyo & Nene,8035
Shachiku-san wa Youjo Yuurei ni Iyasaretai.,8055
Youjo Shenki Episode 0,8060
Hanamaru Koutsuu Anzen,8065
Boukyaku Battery: Jump Festa 2020 Special,8087
Yorugao,8093
Ghost in the Shell: Stand Alone Complex 2nd Gig,8101
Ichirin-Sha,8112
Kawa wa Dare no Mono?,8134
Six Angels,8166
Hanjawang Jumong,8168
Glass Mask,8232
Fenghuang Ji Xiang Yu Qingming Shanghe Tu,8246
Koeda-chan,8247
Kappa no Kui Kuo Kua,8257
Mobile Suit Gundam Wing: Endless Waltz Movie,8257
Magical Girl Ore,8273
GREAT3: Haiku,8276
Enya-Sang: Sayonara Nyuunanzai,8296
Kyuumei Senshi Nanosaver,8303
Onmyou Hyakki Monogatari,8305
Yumeiro Pâtissière,8310
Kono Hoshi no Ue ni,8312
Mr. Osomatsu: Virgin Hero,8319
Mafumafu & Soraru: Anti-Clockwise,8338
White Fantasy,8344
Neo Angelique Abyss: Second Age,8358
Xie Wang Zhui Qi Zhi Yishi Qingcheng,8399
Spelunker Sensei,8405
The Troubled Life of Miss Kotoura,8430
Rilu Rilu Fairilu: Mahou no Kagami,8436
Duel Masters,8438
JoJo's Bizarre Adventure: Golden Wind Recaps,8474
Kaze wo Nuke!,8501
Ding Ding Zhan Hou Wang,8519
Yichan Xiao Heshang,8527
Revolutionary Girl Utena,8537
Bakusou Kyoudai Let's & Go!! MAX,8556
Kabushiki Kaisha Zoo,8564
Arcade Gamer Fubuki,8574
Osaru no Sankichi: Boukuusen,8576
Tegami Bachi: Letter Bee,8583
Typhoon Noruda,8622
Doubutsu Sumo Taikai,8631
Time Autobahn,8632
Xiaodou Pai Pai: Qingshang Pei You,8661
Meitounao He Bugaoxing TV,8675
Eun-sil-i,8679
Nejishiki: Koibitomodachi,8685
Sorcerous Stabber Orphen,8702
Red Colored Bridge,8707
Xiyue Qi Tong,8715
Kurau: Phantom Memory,8723
Daaree,8744
Baka and Test - Summon the Beasts Mini Anime,8825
Dead Girls,8826
Space Battleship Yamato: Resurrection,8858
Tekkaman Blade,8873
Samurai Giants,8896
Douluo Dalu,8908
Hokuro Kyodai Full Throttle!!!!,8934
Fate/Grand Order: All In! Las Vegas Championship Match: Seven Duels of Swordbeauties! Event PV,8961
I Can’t Understand What My Husband Is Saying: 2nd Thread,8963
Ichiban Chikakute Tooi Hoshi,8972
Blood Blockade Battlefront: Even These Are the Worst and Best Days Ever,8986
Rabbit Tailor,9041
Cara to Otamajakushi Shima,9042
Future Boy Conan,9056
DECO*27: DECOUSTIC,9058
Sakura Wars: Sumire,9060
Those Who Hunt Elves II,9073
Sekai Meisaku Douwa Series: Wow! Maerchen Oukoku,9083
Kaitou Lupin: 813 no Nazo,9107
DECO*27: Otome Kaibou,9114
Super Robot Wars OG: Divine Wars,9145
Seraph of the End: The Beginning of the End,9183
Mafumafu: Handicap,9190
Bakuman. 2,9207
Kaakaa Karasu no Kanzaburou,9221
DECO*27: Fakery Tale,9230
Hero Mask: Part II,9307
Armored Dragon Legend Villgust,9333
Stitch! Challenge From Piko,9357
The Super Milk-chan Show,9376
Nozoki Ana,9379
Fox Spirit Matchmaker Season 7,9409
Memories Off,9423
Roco Kingdom Movie 3,9460
Manga,9481
Zettai Shounen,9488
Sorcerer Hunters OVA,9496
Neru: Jailbreak,9509
Pharrell Williams: It Girl,9522
My Teen Romantic Comedy SNAFU Climax,9537
Forest Fairy Five,9540
Astro Boy (1963),9567
Make My Day,9618
Ranma 1/2 Nettou Uta Gassen,9625
"Omoi, Omoware, Furi, Furare",9640
Kitte no Nai Okurimono,9648
Osomatsu-kun (1988),9661
Jin: Kagerou Daze,9705
Examurai Sengoku,9735
Amanchu! Upyopyo Dive Tsukkome! Umi no Sekai!,9750
Fafner: Right of Left,9778
Natsume Yuujinchou: Itsuka Yuki no Hi ni,9786
Futaridaka,9789
Beyblade Burst Surge,9818
Apache Yakyuugun,9823
Yume no Mahou,9873
Pita-Ten,9893
Pokemon Movie 14: Black - Victini and Reshiram,9957
Roselia: Black Shout,9975
Majikoi: Oh! Samurai Girls!,9980
Detective Conan: Let's Try a Curious Experiment!,9995
